
build/release/egos.elf:     file format elf32-littleriscv
build/release/egos.elf
architecture: riscv:rv32, flags 0x00000112:
EXEC_P, HAS_SYMS, D_PAGED
start address 0x80000000

Program Header:
0x70000003 off    0x00005568 vaddr 0x00000000 paddr 0x00000000 align 2**0
         filesz 0x0000004f memsz 0x00000000 flags r--
    LOAD off    0x00001000 vaddr 0x80000000 paddr 0x80000000 align 2**12
         filesz 0x00003f78 memsz 0x00003f78 flags r-x
    LOAD off    0x00005000 vaddr 0x80008000 paddr 0x80008000 align 2**12
         filesz 0x00000568 memsz 0x00006ff4 flags rw-

Sections:
Idx Name              Size      VMA       LMA       File off  Algn  Flags
  0 .init             00000020  80000000  80000000  00001000  2**3  CONTENTS, ALLOC, LOAD, READONLY, CODE
  1 .text             00003f58  80000020  80000020  00001020  2**3  CONTENTS, ALLOC, LOAD, READONLY, CODE
  2 .rodata           00000558  80008000  80008000  00005000  2**3  CONTENTS, ALLOC, LOAD, READONLY, DATA
  3 .data             00000010  80008558  80008558  00005558  2**3  CONTENTS, ALLOC, LOAD, DATA
  4 .bss              00006a8c  80008568  80008568  00005568  2**3  ALLOC
  5 .riscv.attributes 0000004f  00000000  00000000  00005568  2**0  CONTENTS, READONLY
  6 .comment          00000032  00000000  00000000  000055b7  2**0  CONTENTS, READONLY
SYMBOL TABLE:
80000000 l    d  .init	00000000 .init
80000020 l    d  .text	00000000 .text
80008000 l    d  .rodata	00000000 .rodata
80008558 l    d  .data	00000000 .data
80008568 l    d  .bss	00000000 .bss
00000000 l    d  .riscv.attributes	00000000 .riscv.attributes
00000000 l    d  .comment	00000000 .comment
00000000 l    df *ABS*	00000000 ccFRAfwo.o
00000000 l    df *ABS*	00000000 ccKnpnpp.o
00000000 l    df *ABS*	00000000 boot.c
00000000 l    df *ABS*	00000000 cpu_intr.c
80000330 l     F .text	000000e8 mtimecmp_set
80000418 l     F .text	0000008c timer_reset
00000000 l    df *ABS*	00000000 cpu_mmu.c
80008560 l     O .data	00000004 curr_vm_pid.0
80008568 l     O .bss	00000004 root
8000856c l     O .bss	00000004 leaf
80009d84 l     O .bss	00000400 pid_to_pagetable_base
00000000 l    df *ABS*	00000000 dev_disk.c
800011a4 l     F .text	000000b0 sd_exec_cmd
80001254 l     F .text	00000088 sd_exec_acmd
800012dc l     F .text	00000150 sd_read
8000142c l     F .text	0000017c sd_write
800015a8 l     F .text	00000344 sd_init
80008570 l     O .bss	00000004 type
00000000 l    df *ABS*	00000000 dev_tty.c
00000000 l    df *ABS*	00000000 init.c
80001df4 l     F .text	00000050 sys_proc_read
00000000 l    df *ABS*	00000000 kernel.c
80002318 l     F .text	00000048 intr_entry
80002118 l     F .text	00000200 excp_entry
8000286c l     F .text	00000078 proc_try_syscall
80002360 l     F .text	0000034c proc_yield
800026ac l     F .text	00000128 proc_try_send
800027d4 l     F .text	00000098 proc_try_recv
00000000 l    df *ABS*	00000000 process.c
800028e4 l     F .text	00000094 proc_set_status
80008578 l     O .bss	00000004 curr_pid.1
00000000 l    df *ABS*	00000000 elf.c
00000000 l    df *ABS*	00000000 print.c
00000000 l    df *ABS*	00000000 servers.c
00000000 l    df *ABS*	00000000 syscall.c
80008564 l     O .data	00000004 sc
00000000 l    df *ABS*	00000000 libc_a-itoa.o
00000000 l    df *ABS*	00000000 libc_a-utoa.o
00000000 l    df *ABS*	00000000 libc_a-strcat.o
00000000 l    df *ABS*	00000000 libc_a-strncat.o
00000000 l    df *ABS*	00000000 libc_a-memset.o
00000000 l    df *ABS*	00000000 libc_a-memcpy.o
00000000 l    df *ABS*	00000000 libc_a-strlen.o
00000000 l    df *ABS*	00000000 libc_a-strcpy.o
00000000 l    df *ABS*	00000000 div.o
800037f0 g     F .text	00000090 sys_recv
80002b24 g     F .text	00000108 proc_free
80000ca0 g     F .text	00000058 page_table_map
80003e20 g     F .text	000000a4 strcpy
80008580 g       .bss	00000000 booted_core_cnt
80000ab0 g     F .text	000001f0 pagetable_identity_map
800029e0 g     F .text	00000034 proc_set_runnable
800031a8 g     F .text	00000098 my_printf
8000001c g       .init	00000000 hang
80003c6c g     F .text	00000128 memcpy
80002a14 g     F .text	00000034 proc_set_pending
80002a48 g     F .text	000000dc proc_alloc
80000d64 g     F .text	00000060 flush_cache
80003ecc g     F .text	00000048 .hidden __hidden___udivsi3
800035b0 g     F .text	0000015c CRITICAL
80003ecc g     F .text	00000048 .hidden __udivsi3
8000855c g     O .data	00000004 earth
80003880 g     F .text	00000070 itoa
80001d94 g     F .text	00000060 tty_init
800029ac g     F .text	00000034 proc_set_running
80000d28 g     F .text	0000003c page_table_translate
80000130 g     F .text	00000114 boot
80001134 g     F .text	00000070 spi_set_clock
80000f80 g     F .text	000001b4 spi_exchange
80002978 g     F .text	00000034 proc_set_ready
80001a38 g     F .text	00000084 disk_init
80001e44 g     F .text	00000170 grass_entry
80001fb4 g     F .text	00000164 kernel_entry
8000a198 g     O .bss	00004e5c proc_set
80003780 g     F .text	00000070 sys_send
80003a44 g     F .text	000000a0 strcat
80003f14 g     F .text	00000010 .hidden __umodsi3
8000305c g     F .text	0000014c format_to_str
800008e0 g     F .text	00000038 soft_tlb_translate
80008558 g     O .data	00000004 grass
80001abc g     F .text	0000009c uart_rx_empty
800005cc g     F .text	000000d0 mmu_free
8000345c g     F .text	00000154 SUCCESS
800004a4 g     F .text	00000080 intr_init
80003ae4 g     F .text	000000ac strncat
80001b58 g     F .text	0000011c uart_getc
800038f0 g     F .text	00000154 __utoa
80003b90 g     F .text	000000dc memset
80000020 g       .text	00000000 trap_entry
80001c74 g     F .text	00000120 uart_putc
80008574 g     O .bss	00000004 core_in_kernel
80003ec4 g     F .text	00000084 .hidden __divsi3
80100000 g       *ABS*	00000000 __heap_end
80000cf8 g     F .text	00000030 page_table_switch
80000dc4 g     F .text	000001bc mmu_init
8000857c g       .bss	00000000 boot_lock
80000524 g     F .text	000000a8 mmu_alloc
8000069c g     F .text	00000080 soft_tlb_map
80000918 g     F .text	00000198 setup_identity_region
8000eff8 g       .riscv.attributes	00000000 __heap_start
8000370c g     F .text	00000074 term_write
800019a0 g     F .text	00000098 disk_write
80003f48 g     F .text	00000030 .hidden __modsi3
8000a184 g     O .bss	00000014 core_to_proc_idx
80003324 g     F .text	00000138 FATAL
80003d94 g     F .text	0000008c strlen
800018ec g     F .text	000000b4 disk_read
80000244 g     F .text	000000ec mtime_get
80003240 g     F .text	000000e4 INFO
8000071c g     F .text	000001c4 soft_tlb_switch
80000000 g       .init	00000000 boot_loader
80002c2c g     F .text	00000430 elf_load
80008584 g     O .bss	00001800 page_info_table



Disassembly of section .init:

80000000 <boot_loader>:
boot_loader():
80000000:	00008297          	auipc	t0,0x8
80000004:	57c28293          	addi	t0,t0,1404 # 8000857c <boot_lock>
80000008:	00100313          	li	t1,1
8000000c:	0c62a32f          	amoswap.w.aq	t1,t1,(t0)
80000010:	fe0318e3          	bnez	t1,80000000 <boot_loader>
80000014:	80200137          	lui	sp,0x80200
80000018:	118000ef          	jal	80000130 <boot>

8000001c <hang>:
hang():
8000001c:	000000ef          	jal	8000001c <hang>

Disassembly of section .text:

80000020 <trap_entry>:
trap_entry():
80000020:	34011073          	csrw	mscratch,sp
80000024:	80200137          	lui	sp,0x80200
80000028:	f8010113          	addi	sp,sp,-128 # 801fff80 <__heap_end+0xfff80>
8000002c:	00a12023          	sw	a0,0(sp)
80000030:	00b12223          	sw	a1,4(sp)
80000034:	00c12423          	sw	a2,8(sp)
80000038:	00d12623          	sw	a3,12(sp)
8000003c:	00e12823          	sw	a4,16(sp)
80000040:	00f12a23          	sw	a5,20(sp)
80000044:	01012c23          	sw	a6,24(sp)
80000048:	01112e23          	sw	a7,28(sp)
8000004c:	02512023          	sw	t0,32(sp)
80000050:	02612223          	sw	t1,36(sp)
80000054:	02712423          	sw	t2,40(sp)
80000058:	03c12623          	sw	t3,44(sp)
8000005c:	03d12823          	sw	t4,48(sp)
80000060:	03e12a23          	sw	t5,52(sp)
80000064:	03f12c23          	sw	t6,56(sp)
80000068:	02812e23          	sw	s0,60(sp)
8000006c:	04912023          	sw	s1,64(sp)
80000070:	05212223          	sw	s2,68(sp)
80000074:	05312423          	sw	s3,72(sp)
80000078:	05412623          	sw	s4,76(sp)
8000007c:	05512823          	sw	s5,80(sp)
80000080:	05612a23          	sw	s6,84(sp)
80000084:	05712c23          	sw	s7,88(sp)
80000088:	05812e23          	sw	s8,92(sp)
8000008c:	07912023          	sw	s9,96(sp)
80000090:	07a12223          	sw	s10,100(sp)
80000094:	07b12423          	sw	s11,104(sp)
80000098:	06112623          	sw	ra,108(sp)
8000009c:	06312823          	sw	gp,112(sp)
800000a0:	06412a23          	sw	tp,116(sp)
800000a4:	340022f3          	csrr	t0,mscratch
800000a8:	06512c23          	sw	t0,120(sp)
800000ac:	709010ef          	jal	80001fb4 <kernel_entry>
800000b0:	00012503          	lw	a0,0(sp)
800000b4:	00412583          	lw	a1,4(sp)
800000b8:	00812603          	lw	a2,8(sp)
800000bc:	00c12683          	lw	a3,12(sp)
800000c0:	01012703          	lw	a4,16(sp)
800000c4:	01412783          	lw	a5,20(sp)
800000c8:	01812803          	lw	a6,24(sp)
800000cc:	01c12883          	lw	a7,28(sp)
800000d0:	02012283          	lw	t0,32(sp)
800000d4:	02412303          	lw	t1,36(sp)
800000d8:	02812383          	lw	t2,40(sp)
800000dc:	02c12e03          	lw	t3,44(sp)
800000e0:	03012e83          	lw	t4,48(sp)
800000e4:	03412f03          	lw	t5,52(sp)
800000e8:	03812f83          	lw	t6,56(sp)
800000ec:	03c12403          	lw	s0,60(sp)
800000f0:	04012483          	lw	s1,64(sp)
800000f4:	04412903          	lw	s2,68(sp)
800000f8:	04812983          	lw	s3,72(sp)
800000fc:	04c12a03          	lw	s4,76(sp)
80000100:	05012a83          	lw	s5,80(sp)
80000104:	05412b03          	lw	s6,84(sp)
80000108:	05812b83          	lw	s7,88(sp)
8000010c:	05c12c03          	lw	s8,92(sp)
80000110:	06012c83          	lw	s9,96(sp)
80000114:	06412d03          	lw	s10,100(sp)
80000118:	06812d83          	lw	s11,104(sp)
8000011c:	06c12083          	lw	ra,108(sp)
80000120:	07012183          	lw	gp,112(sp)
80000124:	07412203          	lw	tp,116(sp)
80000128:	07812103          	lw	sp,120(sp)
8000012c:	30200073          	mret

80000130 <boot>:
boot():
80000130:	fe010113          	addi	sp,sp,-32
80000134:	00112e23          	sw	ra,28(sp)
80000138:	00812c23          	sw	s0,24(sp)
8000013c:	02010413          	addi	s0,sp,32
80000140:	f14027f3          	csrr	a5,mhartid
80000144:	fef42623          	sw	a5,-20(s0)
80000148:	f11027f3          	csrr	a5,mvendorid
8000014c:	fef42423          	sw	a5,-24(s0)
80000150:	fe842783          	lw	a5,-24(s0)
80000154:	d6678793          	addi	a5,a5,-666
80000158:	00f037b3          	snez	a5,a5
8000015c:	0ff7f713          	zext.b	a4,a5
80000160:	800087b7          	lui	a5,0x80008
80000164:	55c7a783          	lw	a5,1372(a5) # 8000855c <earth>
80000168:	02e7a823          	sw	a4,48(a5)
8000016c:	800087b7          	lui	a5,0x80008
80000170:	55c7a783          	lw	a5,1372(a5) # 8000855c <earth>
80000174:	0307a703          	lw	a4,48(a5)
80000178:	00100793          	li	a5,1
8000017c:	02f71063          	bne	a4,a5,8000019c <boot+0x6c>
80000180:	fec42783          	lw	a5,-20(s0)
80000184:	00079c63          	bnez	a5,8000019c <boot+0x6c>
80000188:	800087b7          	lui	a5,0x80008
8000018c:	57c78793          	addi	a5,a5,1404 # 8000857c <boot_lock>
80000190:	0310000f          	fence	rw,w
80000194:	0007a023          	sw	zero,0(a5)
80000198:	e85ff0ef          	jal	8000001c <hang>
8000019c:	800087b7          	lui	a5,0x80008
800001a0:	5807a783          	lw	a5,1408(a5) # 80008580 <booted_core_cnt>
800001a4:	00178693          	addi	a3,a5,1
800001a8:	80008737          	lui	a4,0x80008
800001ac:	58d72023          	sw	a3,1408(a4) # 80008580 <booted_core_cnt>
800001b0:	06079863          	bnez	a5,80000220 <boot+0xf0>
800001b4:	3e1010ef          	jal	80001d94 <tty_init>
800001b8:	800087b7          	lui	a5,0x80008
800001bc:	55c7a783          	lw	a5,1372(a5) # 8000855c <earth>
800001c0:	0307a783          	lw	a5,48(a5)
800001c4:	00079863          	bnez	a5,800001d4 <boot+0xa4>
800001c8:	800087b7          	lui	a5,0x80008
800001cc:	00078793          	mv	a5,a5
800001d0:	00c0006f          	j	800001dc <boot+0xac>
800001d4:	800087b7          	lui	a5,0x80008
800001d8:	00c78793          	addi	a5,a5,12 # 8000800c <__modsi3+0x40c4>
800001dc:	fec42603          	lw	a2,-20(s0)
800001e0:	00078593          	mv	a1,a5
800001e4:	800087b7          	lui	a5,0x80008
800001e8:	01478513          	addi	a0,a5,20 # 80008014 <__modsi3+0x40cc>
800001ec:	3c4030ef          	jal	800035b0 <CRITICAL>
800001f0:	049010ef          	jal	80001a38 <disk_init>
800001f4:	800087b7          	lui	a5,0x80008
800001f8:	03878513          	addi	a0,a5,56 # 80008038 <__modsi3+0x40f0>
800001fc:	260030ef          	jal	8000345c <SUCCESS>
80000200:	3c5000ef          	jal	80000dc4 <mmu_init>
80000204:	fec42503          	lw	a0,-20(s0)
80000208:	29c000ef          	jal	800004a4 <intr_init>
8000020c:	800087b7          	lui	a5,0x80008
80000210:	06878513          	addi	a0,a5,104 # 80008068 <__modsi3+0x4120>
80000214:	248030ef          	jal	8000345c <SUCCESS>
80000218:	42d010ef          	jal	80001e44 <grass_entry>
8000021c:	0140006f          	j	80000230 <boot+0x100>
80000220:	fec42583          	lw	a1,-20(s0)
80000224:	800087b7          	lui	a5,0x80008
80000228:	09c78513          	addi	a0,a5,156 # 8000809c <__modsi3+0x4154>
8000022c:	230030ef          	jal	8000345c <SUCCESS>
80000230:	00000013          	nop
80000234:	01c12083          	lw	ra,28(sp)
80000238:	01812403          	lw	s0,24(sp)
8000023c:	02010113          	addi	sp,sp,32
80000240:	00008067          	ret

80000244 <mtime_get>:
mtime_get():
80000244:	fe010113          	addi	sp,sp,-32
80000248:	00112e23          	sw	ra,28(sp)
8000024c:	00812c23          	sw	s0,24(sp)
80000250:	02010413          	addi	s0,sp,32
80000254:	80008837          	lui	a6,0x80008
80000258:	55c82803          	lw	a6,1372(a6) # 8000855c <earth>
8000025c:	03082883          	lw	a7,48(a6)
80000260:	00100813          	li	a6,1
80000264:	01089863          	bne	a7,a6,80000274 <mtime_get+0x30>
80000268:	0200c837          	lui	a6,0x200c
8000026c:	ffc80813          	addi	a6,a6,-4 # 200bffc <boot_loader-0x7dff4004>
80000270:	00c0006f          	j	8000027c <mtime_get+0x38>
80000274:	f001c837          	lui	a6,0xf001c
80000278:	ffc80813          	addi	a6,a6,-4 # f001bffc <__heap_end+0x6ff1bffc>
8000027c:	00082803          	lw	a6,0(a6)
80000280:	ff042623          	sw	a6,-20(s0)
80000284:	80008837          	lui	a6,0x80008
80000288:	55c82803          	lw	a6,1372(a6) # 8000855c <earth>
8000028c:	03082883          	lw	a7,48(a6)
80000290:	00100813          	li	a6,1
80000294:	01089863          	bne	a7,a6,800002a4 <mtime_get+0x60>
80000298:	0200c837          	lui	a6,0x200c
8000029c:	ff880813          	addi	a6,a6,-8 # 200bff8 <boot_loader-0x7dff4008>
800002a0:	00c0006f          	j	800002ac <mtime_get+0x68>
800002a4:	f001c837          	lui	a6,0xf001c
800002a8:	ff880813          	addi	a6,a6,-8 # f001bff8 <__heap_end+0x6ff1bff8>
800002ac:	00082803          	lw	a6,0(a6)
800002b0:	ff042423          	sw	a6,-24(s0)
800002b4:	80008837          	lui	a6,0x80008
800002b8:	55c82803          	lw	a6,1372(a6) # 8000855c <earth>
800002bc:	03082883          	lw	a7,48(a6)
800002c0:	00100813          	li	a6,1
800002c4:	01089863          	bne	a7,a6,800002d4 <mtime_get+0x90>
800002c8:	0200c837          	lui	a6,0x200c
800002cc:	ffc80813          	addi	a6,a6,-4 # 200bffc <boot_loader-0x7dff4004>
800002d0:	00c0006f          	j	800002dc <mtime_get+0x98>
800002d4:	f001c837          	lui	a6,0xf001c
800002d8:	ffc80813          	addi	a6,a6,-4 # f001bffc <__heap_end+0x6ff1bffc>
800002dc:	00082803          	lw	a6,0(a6)
800002e0:	fec42883          	lw	a7,-20(s0)
800002e4:	f70898e3          	bne	a7,a6,80000254 <mtime_get+0x10>
800002e8:	fec42803          	lw	a6,-20(s0)
800002ec:	00080313          	mv	t1,a6
800002f0:	00000393          	li	t2,0
800002f4:	00031793          	slli	a5,t1,0x0
800002f8:	00000713          	li	a4,0
800002fc:	fe842803          	lw	a6,-24(s0)
80000300:	00080613          	mv	a2,a6
80000304:	00000693          	li	a3,0
80000308:	00c76533          	or	a0,a4,a2
8000030c:	00d7e5b3          	or	a1,a5,a3
80000310:	00050713          	mv	a4,a0
80000314:	00058793          	mv	a5,a1
80000318:	00070513          	mv	a0,a4
8000031c:	00078593          	mv	a1,a5
80000320:	01c12083          	lw	ra,28(sp)
80000324:	01812403          	lw	s0,24(sp)
80000328:	02010113          	addi	sp,sp,32
8000032c:	00008067          	ret

80000330 <mtimecmp_set>:
mtimecmp_set():
80000330:	fe010113          	addi	sp,sp,-32
80000334:	00112e23          	sw	ra,28(sp)
80000338:	00812c23          	sw	s0,24(sp)
8000033c:	02010413          	addi	s0,sp,32
80000340:	fea42423          	sw	a0,-24(s0)
80000344:	feb42623          	sw	a1,-20(s0)
80000348:	fec42223          	sw	a2,-28(s0)
8000034c:	800087b7          	lui	a5,0x80008
80000350:	55c7a783          	lw	a5,1372(a5) # 8000855c <earth>
80000354:	0307a703          	lw	a4,48(a5)
80000358:	00100793          	li	a5,1
8000035c:	00f71663          	bne	a4,a5,80000368 <mtimecmp_set+0x38>
80000360:	020047b7          	lui	a5,0x2004
80000364:	0080006f          	j	8000036c <mtimecmp_set+0x3c>
80000368:	f00147b7          	lui	a5,0xf0014
8000036c:	fe442703          	lw	a4,-28(s0)
80000370:	00371713          	slli	a4,a4,0x3
80000374:	00e787b3          	add	a5,a5,a4
80000378:	00478793          	addi	a5,a5,4 # f0014004 <__heap_end+0x6ff14004>
8000037c:	00078713          	mv	a4,a5
80000380:	fff00793          	li	a5,-1
80000384:	00f72023          	sw	a5,0(a4)
80000388:	800087b7          	lui	a5,0x80008
8000038c:	55c7a783          	lw	a5,1372(a5) # 8000855c <earth>
80000390:	0307a703          	lw	a4,48(a5)
80000394:	00100793          	li	a5,1
80000398:	00f71663          	bne	a4,a5,800003a4 <mtimecmp_set+0x74>
8000039c:	020047b7          	lui	a5,0x2004
800003a0:	0080006f          	j	800003a8 <mtimecmp_set+0x78>
800003a4:	f00147b7          	lui	a5,0xf0014
800003a8:	fe442703          	lw	a4,-28(s0)
800003ac:	00371713          	slli	a4,a4,0x3
800003b0:	00e787b3          	add	a5,a5,a4
800003b4:	00078713          	mv	a4,a5
800003b8:	fe842783          	lw	a5,-24(s0)
800003bc:	00f72023          	sw	a5,0(a4)
800003c0:	fec42783          	lw	a5,-20(s0)
800003c4:	0007d813          	srli	a6,a5,0x0
800003c8:	00000893          	li	a7,0
800003cc:	800087b7          	lui	a5,0x80008
800003d0:	55c7a783          	lw	a5,1372(a5) # 8000855c <earth>
800003d4:	0307a703          	lw	a4,48(a5)
800003d8:	00100793          	li	a5,1
800003dc:	00f71663          	bne	a4,a5,800003e8 <mtimecmp_set+0xb8>
800003e0:	020047b7          	lui	a5,0x2004
800003e4:	0080006f          	j	800003ec <mtimecmp_set+0xbc>
800003e8:	f00147b7          	lui	a5,0xf0014
800003ec:	fe442703          	lw	a4,-28(s0)
800003f0:	00371713          	slli	a4,a4,0x3
800003f4:	00e787b3          	add	a5,a5,a4
800003f8:	00478793          	addi	a5,a5,4 # f0014004 <__heap_end+0x6ff14004>
800003fc:	00080713          	mv	a4,a6
80000400:	00e7a023          	sw	a4,0(a5)
80000404:	00000013          	nop
80000408:	01c12083          	lw	ra,28(sp)
8000040c:	01812403          	lw	s0,24(sp)
80000410:	02010113          	addi	sp,sp,32
80000414:	00008067          	ret

80000418 <timer_reset>:
timer_reset():
80000418:	fe010113          	addi	sp,sp,-32
8000041c:	00112e23          	sw	ra,28(sp)
80000420:	00812c23          	sw	s0,24(sp)
80000424:	02010413          	addi	s0,sp,32
80000428:	fea42623          	sw	a0,-20(s0)
8000042c:	e19ff0ef          	jal	80000244 <mtime_get>
80000430:	800087b7          	lui	a5,0x80008
80000434:	55c7a783          	lw	a5,1372(a5) # 8000855c <earth>
80000438:	0307a703          	lw	a4,48(a5)
8000043c:	00100793          	li	a5,1
80000440:	00f71a63          	bne	a4,a5,80000454 <timer_reset+0x3c>
80000444:	00018737          	lui	a4,0x18
80000448:	6a070713          	addi	a4,a4,1696 # 186a0 <boot_loader-0x7ffe7960>
8000044c:	00000793          	li	a5,0
80000450:	0100006f          	j	80000460 <timer_reset+0x48>
80000454:	02faf737          	lui	a4,0x2faf
80000458:	08070713          	addi	a4,a4,128 # 2faf080 <boot_loader-0x7d050f80>
8000045c:	00000793          	li	a5,0
80000460:	00a70633          	add	a2,a4,a0
80000464:	00060813          	mv	a6,a2
80000468:	00e83833          	sltu	a6,a6,a4
8000046c:	00b786b3          	add	a3,a5,a1
80000470:	00d807b3          	add	a5,a6,a3
80000474:	00078693          	mv	a3,a5
80000478:	00060713          	mv	a4,a2
8000047c:	00068793          	mv	a5,a3
80000480:	fec42603          	lw	a2,-20(s0)
80000484:	00070513          	mv	a0,a4
80000488:	00078593          	mv	a1,a5
8000048c:	ea5ff0ef          	jal	80000330 <mtimecmp_set>
80000490:	00000013          	nop
80000494:	01c12083          	lw	ra,28(sp)
80000498:	01812403          	lw	s0,24(sp)
8000049c:	02010113          	addi	sp,sp,32
800004a0:	00008067          	ret

800004a4 <intr_init>:
intr_init():
800004a4:	fe010113          	addi	sp,sp,-32
800004a8:	00112e23          	sw	ra,28(sp)
800004ac:	00812c23          	sw	s0,24(sp)
800004b0:	02010413          	addi	s0,sp,32
800004b4:	fea42623          	sw	a0,-20(s0)
800004b8:	800087b7          	lui	a5,0x80008
800004bc:	55c7a783          	lw	a5,1372(a5) # 8000855c <earth>
800004c0:	80000737          	lui	a4,0x80000
800004c4:	41870713          	addi	a4,a4,1048 # 80000418 <timer_reset>
800004c8:	00e7a623          	sw	a4,12(a5)
800004cc:	fec42603          	lw	a2,-20(s0)
800004d0:	fff00513          	li	a0,-1
800004d4:	100005b7          	lui	a1,0x10000
800004d8:	fff58593          	addi	a1,a1,-1 # fffffff <boot_loader-0x70000001>
800004dc:	e55ff0ef          	jal	80000330 <mtimecmp_set>
800004e0:	800007b7          	lui	a5,0x80000
800004e4:	02078793          	addi	a5,a5,32 # 80000020 <trap_entry>
800004e8:	30579073          	csrw	mtvec,a5
800004ec:	800087b7          	lui	a5,0x80008
800004f0:	0bc78513          	addi	a0,a5,188 # 800080bc <__modsi3+0x4174>
800004f4:	54d020ef          	jal	80003240 <INFO>
800004f8:	00000793          	li	a5,0
800004fc:	34479073          	csrw	mip,a5
80000500:	08000793          	li	a5,128
80000504:	3047a073          	csrs	mie,a5
80000508:	08800793          	li	a5,136
8000050c:	3007a073          	csrs	mstatus,a5
80000510:	00000013          	nop
80000514:	01c12083          	lw	ra,28(sp)
80000518:	01812403          	lw	s0,24(sp)
8000051c:	02010113          	addi	sp,sp,32
80000520:	00008067          	ret

80000524 <mmu_alloc>:
mmu_alloc():
80000524:	fe010113          	addi	sp,sp,-32
80000528:	00112e23          	sw	ra,28(sp)
8000052c:	00812c23          	sw	s0,24(sp)
80000530:	02010413          	addi	s0,sp,32
80000534:	fe042623          	sw	zero,-20(s0)
80000538:	0680006f          	j	800005a0 <mmu_alloc+0x7c>
8000053c:	800087b7          	lui	a5,0x80008
80000540:	58478693          	addi	a3,a5,1412 # 80008584 <page_info_table>
80000544:	fec42703          	lw	a4,-20(s0)
80000548:	00070793          	mv	a5,a4
8000054c:	00179793          	slli	a5,a5,0x1
80000550:	00e787b3          	add	a5,a5,a4
80000554:	00279793          	slli	a5,a5,0x2
80000558:	00f687b3          	add	a5,a3,a5
8000055c:	0007a783          	lw	a5,0(a5)
80000560:	02079a63          	bnez	a5,80000594 <mmu_alloc+0x70>
80000564:	800087b7          	lui	a5,0x80008
80000568:	58478693          	addi	a3,a5,1412 # 80008584 <page_info_table>
8000056c:	fec42703          	lw	a4,-20(s0)
80000570:	00070793          	mv	a5,a4
80000574:	00179793          	slli	a5,a5,0x1
80000578:	00e787b3          	add	a5,a5,a4
8000057c:	00279793          	slli	a5,a5,0x2
80000580:	00f687b3          	add	a5,a3,a5
80000584:	00100713          	li	a4,1
80000588:	00e7a023          	sw	a4,0(a5)
8000058c:	fec42783          	lw	a5,-20(s0)
80000590:	0280006f          	j	800005b8 <mmu_alloc+0x94>
80000594:	fec42783          	lw	a5,-20(s0)
80000598:	00178793          	addi	a5,a5,1
8000059c:	fef42623          	sw	a5,-20(s0)
800005a0:	fec42703          	lw	a4,-20(s0)
800005a4:	1ff00793          	li	a5,511
800005a8:	f8e7fae3          	bgeu	a5,a4,8000053c <mmu_alloc+0x18>
800005ac:	800087b7          	lui	a5,0x80008
800005b0:	10078513          	addi	a0,a5,256 # 80008100 <__modsi3+0x41b8>
800005b4:	571020ef          	jal	80003324 <FATAL>
800005b8:	00078513          	mv	a0,a5
800005bc:	01c12083          	lw	ra,28(sp)
800005c0:	01812403          	lw	s0,24(sp)
800005c4:	02010113          	addi	sp,sp,32
800005c8:	00008067          	ret

800005cc <mmu_free>:
mmu_free():
800005cc:	fd010113          	addi	sp,sp,-48
800005d0:	02112623          	sw	ra,44(sp)
800005d4:	02812423          	sw	s0,40(sp)
800005d8:	03010413          	addi	s0,sp,48
800005dc:	fca42e23          	sw	a0,-36(s0)
800005e0:	fe042623          	sw	zero,-20(s0)
800005e4:	0940006f          	j	80000678 <mmu_free+0xac>
800005e8:	800087b7          	lui	a5,0x80008
800005ec:	58478693          	addi	a3,a5,1412 # 80008584 <page_info_table>
800005f0:	fec42703          	lw	a4,-20(s0)
800005f4:	00070793          	mv	a5,a4
800005f8:	00179793          	slli	a5,a5,0x1
800005fc:	00e787b3          	add	a5,a5,a4
80000600:	00279793          	slli	a5,a5,0x2
80000604:	00f687b3          	add	a5,a3,a5
80000608:	0007a783          	lw	a5,0(a5)
8000060c:	06078063          	beqz	a5,8000066c <mmu_free+0xa0>
80000610:	800087b7          	lui	a5,0x80008
80000614:	58478693          	addi	a3,a5,1412 # 80008584 <page_info_table>
80000618:	fec42703          	lw	a4,-20(s0)
8000061c:	00070793          	mv	a5,a4
80000620:	00179793          	slli	a5,a5,0x1
80000624:	00e787b3          	add	a5,a5,a4
80000628:	00279793          	slli	a5,a5,0x2
8000062c:	00f687b3          	add	a5,a3,a5
80000630:	0047a783          	lw	a5,4(a5)
80000634:	fdc42703          	lw	a4,-36(s0)
80000638:	02f71a63          	bne	a4,a5,8000066c <mmu_free+0xa0>
8000063c:	fec42703          	lw	a4,-20(s0)
80000640:	00070793          	mv	a5,a4
80000644:	00179793          	slli	a5,a5,0x1
80000648:	00e787b3          	add	a5,a5,a4
8000064c:	00279793          	slli	a5,a5,0x2
80000650:	80008737          	lui	a4,0x80008
80000654:	58470713          	addi	a4,a4,1412 # 80008584 <page_info_table>
80000658:	00e787b3          	add	a5,a5,a4
8000065c:	00c00613          	li	a2,12
80000660:	00000593          	li	a1,0
80000664:	00078513          	mv	a0,a5
80000668:	528030ef          	jal	80003b90 <memset>
8000066c:	fec42783          	lw	a5,-20(s0)
80000670:	00178793          	addi	a5,a5,1
80000674:	fef42623          	sw	a5,-20(s0)
80000678:	fec42703          	lw	a4,-20(s0)
8000067c:	1ff00793          	li	a5,511
80000680:	f6e7f4e3          	bgeu	a5,a4,800005e8 <mmu_free+0x1c>
80000684:	00000013          	nop
80000688:	00000013          	nop
8000068c:	02c12083          	lw	ra,44(sp)
80000690:	02812403          	lw	s0,40(sp)
80000694:	03010113          	addi	sp,sp,48
80000698:	00008067          	ret

8000069c <soft_tlb_map>:
soft_tlb_map():
8000069c:	fe010113          	addi	sp,sp,-32
800006a0:	00112e23          	sw	ra,28(sp)
800006a4:	00812c23          	sw	s0,24(sp)
800006a8:	02010413          	addi	s0,sp,32
800006ac:	fea42623          	sw	a0,-20(s0)
800006b0:	feb42423          	sw	a1,-24(s0)
800006b4:	fec42223          	sw	a2,-28(s0)
800006b8:	800087b7          	lui	a5,0x80008
800006bc:	58478693          	addi	a3,a5,1412 # 80008584 <page_info_table>
800006c0:	fe442703          	lw	a4,-28(s0)
800006c4:	00070793          	mv	a5,a4
800006c8:	00179793          	slli	a5,a5,0x1
800006cc:	00e787b3          	add	a5,a5,a4
800006d0:	00279793          	slli	a5,a5,0x2
800006d4:	00f687b3          	add	a5,a3,a5
800006d8:	fec42703          	lw	a4,-20(s0)
800006dc:	00e7a223          	sw	a4,4(a5)
800006e0:	800087b7          	lui	a5,0x80008
800006e4:	58478693          	addi	a3,a5,1412 # 80008584 <page_info_table>
800006e8:	fe442703          	lw	a4,-28(s0)
800006ec:	00070793          	mv	a5,a4
800006f0:	00179793          	slli	a5,a5,0x1
800006f4:	00e787b3          	add	a5,a5,a4
800006f8:	00279793          	slli	a5,a5,0x2
800006fc:	00f687b3          	add	a5,a3,a5
80000700:	fe842703          	lw	a4,-24(s0)
80000704:	00e7a423          	sw	a4,8(a5)
80000708:	00000013          	nop
8000070c:	01c12083          	lw	ra,28(sp)
80000710:	01812403          	lw	s0,24(sp)
80000714:	02010113          	addi	sp,sp,32
80000718:	00008067          	ret

8000071c <soft_tlb_switch>:
soft_tlb_switch():
8000071c:	fd010113          	addi	sp,sp,-48
80000720:	02112623          	sw	ra,44(sp)
80000724:	02812423          	sw	s0,40(sp)
80000728:	03010413          	addi	s0,sp,48
8000072c:	fca42e23          	sw	a0,-36(s0)
80000730:	800087b7          	lui	a5,0x80008
80000734:	5607a783          	lw	a5,1376(a5) # 80008560 <curr_vm_pid.0>
80000738:	fdc42703          	lw	a4,-36(s0)
8000073c:	18f70863          	beq	a4,a5,800008cc <soft_tlb_switch+0x1b0>
80000740:	fe042623          	sw	zero,-20(s0)
80000744:	0ac0006f          	j	800007f0 <soft_tlb_switch+0xd4>
80000748:	800087b7          	lui	a5,0x80008
8000074c:	58478693          	addi	a3,a5,1412 # 80008584 <page_info_table>
80000750:	fec42703          	lw	a4,-20(s0)
80000754:	00070793          	mv	a5,a4
80000758:	00179793          	slli	a5,a5,0x1
8000075c:	00e787b3          	add	a5,a5,a4
80000760:	00279793          	slli	a5,a5,0x2
80000764:	00f687b3          	add	a5,a3,a5
80000768:	0007a783          	lw	a5,0(a5)
8000076c:	06078c63          	beqz	a5,800007e4 <soft_tlb_switch+0xc8>
80000770:	800087b7          	lui	a5,0x80008
80000774:	58478693          	addi	a3,a5,1412 # 80008584 <page_info_table>
80000778:	fec42703          	lw	a4,-20(s0)
8000077c:	00070793          	mv	a5,a4
80000780:	00179793          	slli	a5,a5,0x1
80000784:	00e787b3          	add	a5,a5,a4
80000788:	00279793          	slli	a5,a5,0x2
8000078c:	00f687b3          	add	a5,a3,a5
80000790:	0047a703          	lw	a4,4(a5)
80000794:	800087b7          	lui	a5,0x80008
80000798:	5607a783          	lw	a5,1376(a5) # 80008560 <curr_vm_pid.0>
8000079c:	04f71463          	bne	a4,a5,800007e4 <soft_tlb_switch+0xc8>
800007a0:	fec42783          	lw	a5,-20(s0)
800007a4:	00c79713          	slli	a4,a5,0xc
800007a8:	804007b7          	lui	a5,0x80400
800007ac:	00f70533          	add	a0,a4,a5
800007b0:	800087b7          	lui	a5,0x80008
800007b4:	58478693          	addi	a3,a5,1412 # 80008584 <page_info_table>
800007b8:	fec42703          	lw	a4,-20(s0)
800007bc:	00070793          	mv	a5,a4
800007c0:	00179793          	slli	a5,a5,0x1
800007c4:	00e787b3          	add	a5,a5,a4
800007c8:	00279793          	slli	a5,a5,0x2
800007cc:	00f687b3          	add	a5,a3,a5
800007d0:	0087a783          	lw	a5,8(a5)
800007d4:	00c79793          	slli	a5,a5,0xc
800007d8:	00001637          	lui	a2,0x1
800007dc:	00078593          	mv	a1,a5
800007e0:	48c030ef          	jal	80003c6c <memcpy>
800007e4:	fec42783          	lw	a5,-20(s0)
800007e8:	00178793          	addi	a5,a5,1
800007ec:	fef42623          	sw	a5,-20(s0)
800007f0:	fec42703          	lw	a4,-20(s0)
800007f4:	1ff00793          	li	a5,511
800007f8:	f4e7f8e3          	bgeu	a5,a4,80000748 <soft_tlb_switch+0x2c>
800007fc:	fe042423          	sw	zero,-24(s0)
80000800:	0b00006f          	j	800008b0 <soft_tlb_switch+0x194>
80000804:	800087b7          	lui	a5,0x80008
80000808:	58478693          	addi	a3,a5,1412 # 80008584 <page_info_table>
8000080c:	fe842703          	lw	a4,-24(s0)
80000810:	00070793          	mv	a5,a4
80000814:	00179793          	slli	a5,a5,0x1
80000818:	00e787b3          	add	a5,a5,a4
8000081c:	00279793          	slli	a5,a5,0x2
80000820:	00f687b3          	add	a5,a3,a5
80000824:	0007a783          	lw	a5,0(a5)
80000828:	06078e63          	beqz	a5,800008a4 <soft_tlb_switch+0x188>
8000082c:	800087b7          	lui	a5,0x80008
80000830:	58478693          	addi	a3,a5,1412 # 80008584 <page_info_table>
80000834:	fe842703          	lw	a4,-24(s0)
80000838:	00070793          	mv	a5,a4
8000083c:	00179793          	slli	a5,a5,0x1
80000840:	00e787b3          	add	a5,a5,a4
80000844:	00279793          	slli	a5,a5,0x2
80000848:	00f687b3          	add	a5,a3,a5
8000084c:	0047a783          	lw	a5,4(a5)
80000850:	fdc42703          	lw	a4,-36(s0)
80000854:	04f71863          	bne	a4,a5,800008a4 <soft_tlb_switch+0x188>
80000858:	800087b7          	lui	a5,0x80008
8000085c:	58478693          	addi	a3,a5,1412 # 80008584 <page_info_table>
80000860:	fe842703          	lw	a4,-24(s0)
80000864:	00070793          	mv	a5,a4
80000868:	00179793          	slli	a5,a5,0x1
8000086c:	00e787b3          	add	a5,a5,a4
80000870:	00279793          	slli	a5,a5,0x2
80000874:	00f687b3          	add	a5,a3,a5
80000878:	0087a783          	lw	a5,8(a5)
8000087c:	00c79793          	slli	a5,a5,0xc
80000880:	00078693          	mv	a3,a5
80000884:	fe842783          	lw	a5,-24(s0)
80000888:	00c79713          	slli	a4,a5,0xc
8000088c:	804007b7          	lui	a5,0x80400
80000890:	00f707b3          	add	a5,a4,a5
80000894:	00001637          	lui	a2,0x1
80000898:	00078593          	mv	a1,a5
8000089c:	00068513          	mv	a0,a3
800008a0:	3cc030ef          	jal	80003c6c <memcpy>
800008a4:	fe842783          	lw	a5,-24(s0)
800008a8:	00178793          	addi	a5,a5,1 # 80400001 <__heap_end+0x300001>
800008ac:	fef42423          	sw	a5,-24(s0)
800008b0:	fe842703          	lw	a4,-24(s0)
800008b4:	1ff00793          	li	a5,511
800008b8:	f4e7f6e3          	bgeu	a5,a4,80000804 <soft_tlb_switch+0xe8>
800008bc:	800087b7          	lui	a5,0x80008
800008c0:	fdc42703          	lw	a4,-36(s0)
800008c4:	56e7a023          	sw	a4,1376(a5) # 80008560 <curr_vm_pid.0>
800008c8:	0080006f          	j	800008d0 <soft_tlb_switch+0x1b4>
800008cc:	00000013          	nop
800008d0:	02c12083          	lw	ra,44(sp)
800008d4:	02812403          	lw	s0,40(sp)
800008d8:	03010113          	addi	sp,sp,48
800008dc:	00008067          	ret

800008e0 <soft_tlb_translate>:
soft_tlb_translate():
800008e0:	fe010113          	addi	sp,sp,-32
800008e4:	00112e23          	sw	ra,28(sp)
800008e8:	00812c23          	sw	s0,24(sp)
800008ec:	02010413          	addi	s0,sp,32
800008f0:	fea42623          	sw	a0,-20(s0)
800008f4:	feb42423          	sw	a1,-24(s0)
800008f8:	fec42503          	lw	a0,-20(s0)
800008fc:	e21ff0ef          	jal	8000071c <soft_tlb_switch>
80000900:	fe842783          	lw	a5,-24(s0)
80000904:	00078513          	mv	a0,a5
80000908:	01c12083          	lw	ra,28(sp)
8000090c:	01812403          	lw	s0,24(sp)
80000910:	02010113          	addi	sp,sp,32
80000914:	00008067          	ret

80000918 <setup_identity_region>:
setup_identity_region():
80000918:	fd010113          	addi	sp,sp,-48
8000091c:	02112623          	sw	ra,44(sp)
80000920:	02812423          	sw	s0,40(sp)
80000924:	03010413          	addi	s0,sp,48
80000928:	fca42e23          	sw	a0,-36(s0)
8000092c:	fcb42c23          	sw	a1,-40(s0)
80000930:	fcc42a23          	sw	a2,-44(s0)
80000934:	fcd42823          	sw	a3,-48(s0)
80000938:	fd842783          	lw	a5,-40(s0)
8000093c:	0167d793          	srli	a5,a5,0x16
80000940:	fef42423          	sw	a5,-24(s0)
80000944:	800087b7          	lui	a5,0x80008
80000948:	5687a703          	lw	a4,1384(a5) # 80008568 <root>
8000094c:	fe842783          	lw	a5,-24(s0)
80000950:	00279793          	slli	a5,a5,0x2
80000954:	00f707b3          	add	a5,a4,a5
80000958:	0007a783          	lw	a5,0(a5)
8000095c:	0017f793          	andi	a5,a5,1
80000960:	02078c63          	beqz	a5,80000998 <setup_identity_region+0x80>
80000964:	800087b7          	lui	a5,0x80008
80000968:	5687a703          	lw	a4,1384(a5) # 80008568 <root>
8000096c:	fe842783          	lw	a5,-24(s0)
80000970:	00279793          	slli	a5,a5,0x2
80000974:	00f707b3          	add	a5,a4,a5
80000978:	0007a783          	lw	a5,0(a5)
8000097c:	00279713          	slli	a4,a5,0x2
80000980:	fffff7b7          	lui	a5,0xfffff
80000984:	00f777b3          	and	a5,a4,a5
80000988:	00078713          	mv	a4,a5
8000098c:	800087b7          	lui	a5,0x80008
80000990:	56e7a623          	sw	a4,1388(a5) # 8000856c <leaf>
80000994:	0980006f          	j	80000a2c <setup_identity_region+0x114>
80000998:	800087b7          	lui	a5,0x80008
8000099c:	55c7a783          	lw	a5,1372(a5) # 8000855c <earth>
800009a0:	0007a783          	lw	a5,0(a5)
800009a4:	000780e7          	jalr	a5
800009a8:	fea42223          	sw	a0,-28(s0)
800009ac:	fe442783          	lw	a5,-28(s0)
800009b0:	00c79713          	slli	a4,a5,0xc
800009b4:	804007b7          	lui	a5,0x80400
800009b8:	00f70733          	add	a4,a4,a5
800009bc:	800087b7          	lui	a5,0x80008
800009c0:	56e7a623          	sw	a4,1388(a5) # 8000856c <leaf>
800009c4:	800087b7          	lui	a5,0x80008
800009c8:	58478693          	addi	a3,a5,1412 # 80008584 <page_info_table>
800009cc:	fe442703          	lw	a4,-28(s0)
800009d0:	00070793          	mv	a5,a4
800009d4:	00179793          	slli	a5,a5,0x1
800009d8:	00e787b3          	add	a5,a5,a4
800009dc:	00279793          	slli	a5,a5,0x2
800009e0:	00f687b3          	add	a5,a3,a5
800009e4:	fdc42703          	lw	a4,-36(s0)
800009e8:	00e7a223          	sw	a4,4(a5)
800009ec:	800087b7          	lui	a5,0x80008
800009f0:	56c7a783          	lw	a5,1388(a5) # 8000856c <leaf>
800009f4:	00001637          	lui	a2,0x1
800009f8:	00000593          	li	a1,0
800009fc:	00078513          	mv	a0,a5
80000a00:	190030ef          	jal	80003b90 <memset>
80000a04:	800087b7          	lui	a5,0x80008
80000a08:	56c7a783          	lw	a5,1388(a5) # 8000856c <leaf>
80000a0c:	0027d713          	srli	a4,a5,0x2
80000a10:	800087b7          	lui	a5,0x80008
80000a14:	5687a683          	lw	a3,1384(a5) # 80008568 <root>
80000a18:	fe842783          	lw	a5,-24(s0)
80000a1c:	00279793          	slli	a5,a5,0x2
80000a20:	00f687b3          	add	a5,a3,a5
80000a24:	00176713          	ori	a4,a4,1
80000a28:	00e7a023          	sw	a4,0(a5)
80000a2c:	fd842783          	lw	a5,-40(s0)
80000a30:	00c7d793          	srli	a5,a5,0xc
80000a34:	3ff7f793          	andi	a5,a5,1023
80000a38:	fef42023          	sw	a5,-32(s0)
80000a3c:	fe042623          	sw	zero,-20(s0)
80000a40:	04c0006f          	j	80000a8c <setup_identity_region+0x174>
80000a44:	fec42783          	lw	a5,-20(s0)
80000a48:	00c79713          	slli	a4,a5,0xc
80000a4c:	fd842783          	lw	a5,-40(s0)
80000a50:	00f707b3          	add	a5,a4,a5
80000a54:	0027d693          	srli	a3,a5,0x2
80000a58:	800087b7          	lui	a5,0x80008
80000a5c:	56c7a703          	lw	a4,1388(a5) # 8000856c <leaf>
80000a60:	fe042603          	lw	a2,-32(s0)
80000a64:	fec42783          	lw	a5,-20(s0)
80000a68:	00f607b3          	add	a5,a2,a5
80000a6c:	00279793          	slli	a5,a5,0x2
80000a70:	00f707b3          	add	a5,a4,a5
80000a74:	fd042703          	lw	a4,-48(s0)
80000a78:	00e6e733          	or	a4,a3,a4
80000a7c:	00e7a023          	sw	a4,0(a5)
80000a80:	fec42783          	lw	a5,-20(s0)
80000a84:	00178793          	addi	a5,a5,1
80000a88:	fef42623          	sw	a5,-20(s0)
80000a8c:	fec42703          	lw	a4,-20(s0)
80000a90:	fd442783          	lw	a5,-44(s0)
80000a94:	faf768e3          	bltu	a4,a5,80000a44 <setup_identity_region+0x12c>
80000a98:	00000013          	nop
80000a9c:	00000013          	nop
80000aa0:	02c12083          	lw	ra,44(sp)
80000aa4:	02812403          	lw	s0,40(sp)
80000aa8:	03010113          	addi	sp,sp,48
80000aac:	00008067          	ret

80000ab0 <pagetable_identity_map>:
pagetable_identity_map():
80000ab0:	fd010113          	addi	sp,sp,-48
80000ab4:	02112623          	sw	ra,44(sp)
80000ab8:	02812423          	sw	s0,40(sp)
80000abc:	03010413          	addi	s0,sp,48
80000ac0:	fca42e23          	sw	a0,-36(s0)
80000ac4:	800087b7          	lui	a5,0x80008
80000ac8:	55c7a783          	lw	a5,1372(a5) # 8000855c <earth>
80000acc:	0007a783          	lw	a5,0(a5)
80000ad0:	000780e7          	jalr	a5
80000ad4:	fea42423          	sw	a0,-24(s0)
80000ad8:	fe842783          	lw	a5,-24(s0)
80000adc:	00c79713          	slli	a4,a5,0xc
80000ae0:	804007b7          	lui	a5,0x80400
80000ae4:	00f70733          	add	a4,a4,a5
80000ae8:	800087b7          	lui	a5,0x80008
80000aec:	56e7a423          	sw	a4,1384(a5) # 80008568 <root>
80000af0:	800087b7          	lui	a5,0x80008
80000af4:	58478693          	addi	a3,a5,1412 # 80008584 <page_info_table>
80000af8:	fe842703          	lw	a4,-24(s0)
80000afc:	00070793          	mv	a5,a4
80000b00:	00179793          	slli	a5,a5,0x1
80000b04:	00e787b3          	add	a5,a5,a4
80000b08:	00279793          	slli	a5,a5,0x2
80000b0c:	00f687b3          	add	a5,a3,a5
80000b10:	fdc42703          	lw	a4,-36(s0)
80000b14:	00e7a223          	sw	a4,4(a5)
80000b18:	800087b7          	lui	a5,0x80008
80000b1c:	5687a703          	lw	a4,1384(a5) # 80008568 <root>
80000b20:	8000a7b7          	lui	a5,0x8000a
80000b24:	d8478693          	addi	a3,a5,-636 # 80009d84 <pid_to_pagetable_base>
80000b28:	fdc42783          	lw	a5,-36(s0)
80000b2c:	00279793          	slli	a5,a5,0x2
80000b30:	00f687b3          	add	a5,a3,a5
80000b34:	00e7a023          	sw	a4,0(a5)
80000b38:	800087b7          	lui	a5,0x80008
80000b3c:	5687a783          	lw	a5,1384(a5) # 80008568 <root>
80000b40:	00001637          	lui	a2,0x1
80000b44:	00000593          	li	a1,0
80000b48:	00078513          	mv	a0,a5
80000b4c:	044030ef          	jal	80003b90 <memset>
80000b50:	800007b7          	lui	a5,0x80000
80000b54:	fef42623          	sw	a5,-20(s0)
80000b58:	0280006f          	j	80000b80 <pagetable_identity_map+0xd0>
80000b5c:	0df00693          	li	a3,223
80000b60:	40000613          	li	a2,1024
80000b64:	fec42583          	lw	a1,-20(s0)
80000b68:	fdc42503          	lw	a0,-36(s0)
80000b6c:	dadff0ef          	jal	80000918 <setup_identity_region>
80000b70:	fec42703          	lw	a4,-20(s0)
80000b74:	004007b7          	lui	a5,0x400
80000b78:	00f707b3          	add	a5,a4,a5
80000b7c:	fef42623          	sw	a5,-20(s0)
80000b80:	fec42703          	lw	a4,-20(s0)
80000b84:	806007b7          	lui	a5,0x80600
80000b88:	fcf76ae3          	bltu	a4,a5,80000b5c <pagetable_identity_map+0xac>
80000b8c:	800087b7          	lui	a5,0x80008
80000b90:	55c7a783          	lw	a5,1372(a5) # 8000855c <earth>
80000b94:	0307a703          	lw	a4,48(a5)
80000b98:	00100793          	li	a5,1
80000b9c:	00f71663          	bne	a4,a5,80000ba8 <pagetable_identity_map+0xf8>
80000ba0:	020007b7          	lui	a5,0x2000
80000ba4:	0080006f          	j	80000bac <pagetable_identity_map+0xfc>
80000ba8:	f00107b7          	lui	a5,0xf0010
80000bac:	0df00693          	li	a3,223
80000bb0:	01000613          	li	a2,16
80000bb4:	00078593          	mv	a1,a5
80000bb8:	fdc42503          	lw	a0,-36(s0)
80000bbc:	d5dff0ef          	jal	80000918 <setup_identity_region>
80000bc0:	800087b7          	lui	a5,0x80008
80000bc4:	55c7a783          	lw	a5,1372(a5) # 8000855c <earth>
80000bc8:	0307a703          	lw	a4,48(a5)
80000bcc:	00100793          	li	a5,1
80000bd0:	00f71663          	bne	a4,a5,80000bdc <pagetable_identity_map+0x12c>
80000bd4:	100107b7          	lui	a5,0x10010
80000bd8:	0080006f          	j	80000be0 <pagetable_identity_map+0x130>
80000bdc:	f00017b7          	lui	a5,0xf0001
80000be0:	0df00693          	li	a3,223
80000be4:	00100613          	li	a2,1
80000be8:	00078593          	mv	a1,a5
80000bec:	fdc42503          	lw	a0,-36(s0)
80000bf0:	d29ff0ef          	jal	80000918 <setup_identity_region>
80000bf4:	800087b7          	lui	a5,0x80008
80000bf8:	55c7a783          	lw	a5,1372(a5) # 8000855c <earth>
80000bfc:	0307a703          	lw	a4,48(a5)
80000c00:	00100793          	li	a5,1
80000c04:	00f71663          	bne	a4,a5,80000c10 <pagetable_identity_map+0x160>
80000c08:	100507b7          	lui	a5,0x10050
80000c0c:	00c0006f          	j	80000c18 <pagetable_identity_map+0x168>
80000c10:	f00097b7          	lui	a5,0xf0009
80000c14:	80078793          	addi	a5,a5,-2048 # f0008800 <__heap_end+0x6ff08800>
80000c18:	0df00693          	li	a3,223
80000c1c:	00100613          	li	a2,1
80000c20:	00078593          	mv	a1,a5
80000c24:	fdc42503          	lw	a0,-36(s0)
80000c28:	cf1ff0ef          	jal	80000918 <setup_identity_region>
80000c2c:	800087b7          	lui	a5,0x80008
80000c30:	55c7a783          	lw	a5,1372(a5) # 8000855c <earth>
80000c34:	0307a783          	lw	a5,48(a5)
80000c38:	04079a63          	bnez	a5,80000c8c <pagetable_identity_map+0x1dc>
80000c3c:	0df00693          	li	a3,223
80000c40:	40000613          	li	a2,1024
80000c44:	204005b7          	lui	a1,0x20400
80000c48:	fdc42503          	lw	a0,-36(s0)
80000c4c:	ccdff0ef          	jal	80000918 <setup_identity_region>
80000c50:	0df00693          	li	a3,223
80000c54:	00100613          	li	a2,1
80000c58:	f00025b7          	lui	a1,0xf0002
80000c5c:	fdc42503          	lw	a0,-36(s0)
80000c60:	cb9ff0ef          	jal	80000918 <setup_identity_region>
80000c64:	0df00693          	li	a3,223
80000c68:	00100613          	li	a2,1
80000c6c:	900015b7          	lui	a1,0x90001
80000c70:	fdc42503          	lw	a0,-36(s0)
80000c74:	ca5ff0ef          	jal	80000918 <setup_identity_region>
80000c78:	0df00693          	li	a3,223
80000c7c:	00100613          	li	a2,1
80000c80:	900005b7          	lui	a1,0x90000
80000c84:	fdc42503          	lw	a0,-36(s0)
80000c88:	c91ff0ef          	jal	80000918 <setup_identity_region>
80000c8c:	00000013          	nop
80000c90:	02c12083          	lw	ra,44(sp)
80000c94:	02812403          	lw	s0,40(sp)
80000c98:	03010113          	addi	sp,sp,48
80000c9c:	00008067          	ret

80000ca0 <page_table_map>:
page_table_map():
80000ca0:	fe010113          	addi	sp,sp,-32
80000ca4:	00112e23          	sw	ra,28(sp)
80000ca8:	00812c23          	sw	s0,24(sp)
80000cac:	02010413          	addi	s0,sp,32
80000cb0:	fea42623          	sw	a0,-20(s0)
80000cb4:	feb42423          	sw	a1,-24(s0)
80000cb8:	fec42223          	sw	a2,-28(s0)
80000cbc:	fec42703          	lw	a4,-20(s0)
80000cc0:	0ff00793          	li	a5,255
80000cc4:	00e7d863          	bge	a5,a4,80000cd4 <page_table_map+0x34>
80000cc8:	800087b7          	lui	a5,0x80008
80000ccc:	12078513          	addi	a0,a5,288 # 80008120 <__modsi3+0x41d8>
80000cd0:	654020ef          	jal	80003324 <FATAL>
80000cd4:	fe442603          	lw	a2,-28(s0)
80000cd8:	fe842583          	lw	a1,-24(s0)
80000cdc:	fec42503          	lw	a0,-20(s0)
80000ce0:	9bdff0ef          	jal	8000069c <soft_tlb_map>
80000ce4:	00000013          	nop
80000ce8:	01c12083          	lw	ra,28(sp)
80000cec:	01812403          	lw	s0,24(sp)
80000cf0:	02010113          	addi	sp,sp,32
80000cf4:	00008067          	ret

80000cf8 <page_table_switch>:
page_table_switch():
80000cf8:	fe010113          	addi	sp,sp,-32
80000cfc:	00112e23          	sw	ra,28(sp)
80000d00:	00812c23          	sw	s0,24(sp)
80000d04:	02010413          	addi	s0,sp,32
80000d08:	fea42623          	sw	a0,-20(s0)
80000d0c:	fec42503          	lw	a0,-20(s0)
80000d10:	a0dff0ef          	jal	8000071c <soft_tlb_switch>
80000d14:	00000013          	nop
80000d18:	01c12083          	lw	ra,28(sp)
80000d1c:	01812403          	lw	s0,24(sp)
80000d20:	02010113          	addi	sp,sp,32
80000d24:	00008067          	ret

80000d28 <page_table_translate>:
page_table_translate():
80000d28:	fe010113          	addi	sp,sp,-32
80000d2c:	00112e23          	sw	ra,28(sp)
80000d30:	00812c23          	sw	s0,24(sp)
80000d34:	02010413          	addi	s0,sp,32
80000d38:	fea42623          	sw	a0,-20(s0)
80000d3c:	feb42423          	sw	a1,-24(s0)
80000d40:	fe842583          	lw	a1,-24(s0)
80000d44:	fec42503          	lw	a0,-20(s0)
80000d48:	b99ff0ef          	jal	800008e0 <soft_tlb_translate>
80000d4c:	00050793          	mv	a5,a0
80000d50:	00078513          	mv	a0,a5
80000d54:	01c12083          	lw	ra,28(sp)
80000d58:	01812403          	lw	s0,24(sp)
80000d5c:	02010113          	addi	sp,sp,32
80000d60:	00008067          	ret

80000d64 <flush_cache>:
flush_cache():
80000d64:	ff010113          	addi	sp,sp,-16
80000d68:	00112623          	sw	ra,12(sp)
80000d6c:	00812423          	sw	s0,8(sp)
80000d70:	01010413          	addi	s0,sp,16
80000d74:	800087b7          	lui	a5,0x80008
80000d78:	55c7a783          	lw	a5,1372(a5) # 8000855c <earth>
80000d7c:	0307a783          	lw	a5,48(a5)
80000d80:	00079e63          	bnez	a5,80000d9c <flush_cache+0x38>
80000d84:	0000100f          	.word	0x0000100f
80000d88:	00000013          	nop
80000d8c:	00000013          	nop
80000d90:	00000013          	nop
80000d94:	00000013          	nop
80000d98:	00000013          	nop
80000d9c:	800087b7          	lui	a5,0x80008
80000da0:	55c7a783          	lw	a5,1372(a5) # 8000855c <earth>
80000da4:	0347a783          	lw	a5,52(a5)
80000da8:	00079463          	bnez	a5,80000db0 <flush_cache+0x4c>
80000dac:	12000073          	sfence.vma
80000db0:	00000013          	nop
80000db4:	00c12083          	lw	ra,12(sp)
80000db8:	00812403          	lw	s0,8(sp)
80000dbc:	01010113          	addi	sp,sp,16
80000dc0:	00008067          	ret

80000dc4 <mmu_init>:
mmu_init():
80000dc4:	fe010113          	addi	sp,sp,-32
80000dc8:	00112e23          	sw	ra,28(sp)
80000dcc:	00812c23          	sw	s0,24(sp)
80000dd0:	02010413          	addi	s0,sp,32
80000dd4:	800087b7          	lui	a5,0x80008
80000dd8:	55c7a783          	lw	a5,1372(a5) # 8000855c <earth>
80000ddc:	80000737          	lui	a4,0x80000
80000de0:	5cc70713          	addi	a4,a4,1484 # 800005cc <mmu_free>
80000de4:	00e7a223          	sw	a4,4(a5)
80000de8:	800087b7          	lui	a5,0x80008
80000dec:	55c7a783          	lw	a5,1372(a5) # 8000855c <earth>
80000df0:	80000737          	lui	a4,0x80000
80000df4:	52470713          	addi	a4,a4,1316 # 80000524 <mmu_alloc>
80000df8:	00e7a023          	sw	a4,0(a5)
80000dfc:	800087b7          	lui	a5,0x80008
80000e00:	55c7a783          	lw	a5,1372(a5) # 8000855c <earth>
80000e04:	80001737          	lui	a4,0x80001
80000e08:	d6470713          	addi	a4,a4,-668 # 80000d64 <flush_cache>
80000e0c:	00e7a423          	sw	a4,8(a5)
80000e10:	400007b7          	lui	a5,0x40000
80000e14:	3b079073          	csrw	pmpaddr0,a5
80000e18:	00f00793          	li	a5,15
80000e1c:	3a079073          	csrw	pmpcfg0,a5
80000e20:	800087b7          	lui	a5,0x80008
80000e24:	14078513          	addi	a0,a5,320 # 80008140 <__modsi3+0x41f8>
80000e28:	788020ef          	jal	800035b0 <CRITICAL>
80000e2c:	800087b7          	lui	a5,0x80008
80000e30:	16878513          	addi	a0,a5,360 # 80008168 <__modsi3+0x4220>
80000e34:	374020ef          	jal	800031a8 <my_printf>
80000e38:	fe040623          	sb	zero,-20(s0)
80000e3c:	01c0006f          	j	80000e58 <mmu_init+0x94>
80000e40:	800087b7          	lui	a5,0x80008
80000e44:	55c7a783          	lw	a5,1372(a5) # 8000855c <earth>
80000e48:	01c7a783          	lw	a5,28(a5)
80000e4c:	fec40713          	addi	a4,s0,-20
80000e50:	00070513          	mv	a0,a4
80000e54:	000780e7          	jalr	a5
80000e58:	fec44703          	lbu	a4,-20(s0)
80000e5c:	03000793          	li	a5,48
80000e60:	00f70863          	beq	a4,a5,80000e70 <mmu_init+0xac>
80000e64:	fec44703          	lbu	a4,-20(s0)
80000e68:	03100793          	li	a5,49
80000e6c:	fcf71ae3          	bne	a4,a5,80000e40 <mmu_init+0x7c>
80000e70:	fec44783          	lbu	a5,-20(s0)
80000e74:	fd078793          	addi	a5,a5,-48
80000e78:	00f037b3          	snez	a5,a5
80000e7c:	0ff7f713          	zext.b	a4,a5
80000e80:	800087b7          	lui	a5,0x80008
80000e84:	55c7a783          	lw	a5,1372(a5) # 8000855c <earth>
80000e88:	02e7aa23          	sw	a4,52(a5)
80000e8c:	800087b7          	lui	a5,0x80008
80000e90:	55c7a783          	lw	a5,1372(a5) # 8000855c <earth>
80000e94:	0347a783          	lw	a5,52(a5)
80000e98:	00079863          	bnez	a5,80000ea8 <mmu_init+0xe4>
80000e9c:	800087b7          	lui	a5,0x80008
80000ea0:	19878793          	addi	a5,a5,408 # 80008198 <__modsi3+0x4250>
80000ea4:	00c0006f          	j	80000eb0 <mmu_init+0xec>
80000ea8:	800087b7          	lui	a5,0x80008
80000eac:	1a478793          	addi	a5,a5,420 # 800081a4 <__modsi3+0x425c>
80000eb0:	00078593          	mv	a1,a5
80000eb4:	800087b7          	lui	a5,0x80008
80000eb8:	1b078513          	addi	a0,a5,432 # 800081b0 <__modsi3+0x4268>
80000ebc:	384020ef          	jal	80003240 <INFO>
80000ec0:	800087b7          	lui	a5,0x80008
80000ec4:	55c7a783          	lw	a5,1372(a5) # 8000855c <earth>
80000ec8:	0347a783          	lw	a5,52(a5)
80000ecc:	06079263          	bnez	a5,80000f30 <mmu_init+0x16c>
80000ed0:	00000513          	li	a0,0
80000ed4:	bddff0ef          	jal	80000ab0 <pagetable_identity_map>
80000ed8:	800087b7          	lui	a5,0x80008
80000edc:	5687a783          	lw	a5,1384(a5) # 80008568 <root>
80000ee0:	00c7d713          	srli	a4,a5,0xc
80000ee4:	800007b7          	lui	a5,0x80000
80000ee8:	00f767b3          	or	a5,a4,a5
80000eec:	18079073          	csrw	satp,a5
80000ef0:	800087b7          	lui	a5,0x80008
80000ef4:	55c7a783          	lw	a5,1372(a5) # 8000855c <earth>
80000ef8:	80001737          	lui	a4,0x80001
80000efc:	ca070713          	addi	a4,a4,-864 # 80000ca0 <page_table_map>
80000f00:	00e7a823          	sw	a4,16(a5)
80000f04:	800087b7          	lui	a5,0x80008
80000f08:	55c7a783          	lw	a5,1372(a5) # 8000855c <earth>
80000f0c:	80001737          	lui	a4,0x80001
80000f10:	cf870713          	addi	a4,a4,-776 # 80000cf8 <page_table_switch>
80000f14:	00e7ac23          	sw	a4,24(a5)
80000f18:	800087b7          	lui	a5,0x80008
80000f1c:	55c7a783          	lw	a5,1372(a5) # 8000855c <earth>
80000f20:	80001737          	lui	a4,0x80001
80000f24:	d2870713          	addi	a4,a4,-728 # 80000d28 <page_table_translate>
80000f28:	00e7aa23          	sw	a4,20(a5)
80000f2c:	0400006f          	j	80000f6c <mmu_init+0x1a8>
80000f30:	800087b7          	lui	a5,0x80008
80000f34:	55c7a783          	lw	a5,1372(a5) # 8000855c <earth>
80000f38:	80000737          	lui	a4,0x80000
80000f3c:	69c70713          	addi	a4,a4,1692 # 8000069c <soft_tlb_map>
80000f40:	00e7a823          	sw	a4,16(a5)
80000f44:	800087b7          	lui	a5,0x80008
80000f48:	55c7a783          	lw	a5,1372(a5) # 8000855c <earth>
80000f4c:	80000737          	lui	a4,0x80000
80000f50:	71c70713          	addi	a4,a4,1820 # 8000071c <soft_tlb_switch>
80000f54:	00e7ac23          	sw	a4,24(a5)
80000f58:	800087b7          	lui	a5,0x80008
80000f5c:	55c7a783          	lw	a5,1372(a5) # 8000855c <earth>
80000f60:	80001737          	lui	a4,0x80001
80000f64:	8e070713          	addi	a4,a4,-1824 # 800008e0 <soft_tlb_translate>
80000f68:	00e7aa23          	sw	a4,20(a5)
80000f6c:	00000013          	nop
80000f70:	01c12083          	lw	ra,28(sp)
80000f74:	01812403          	lw	s0,24(sp)
80000f78:	02010113          	addi	sp,sp,32
80000f7c:	00008067          	ret

80000f80 <spi_exchange>:
spi_exchange():
80000f80:	fd010113          	addi	sp,sp,-48
80000f84:	02112623          	sw	ra,44(sp)
80000f88:	02812423          	sw	s0,40(sp)
80000f8c:	03010413          	addi	s0,sp,48
80000f90:	00050793          	mv	a5,a0
80000f94:	fcf40fa3          	sb	a5,-33(s0)
80000f98:	800087b7          	lui	a5,0x80008
80000f9c:	55c7a783          	lw	a5,1372(a5) # 8000855c <earth>
80000fa0:	0307a783          	lw	a5,48(a5)
80000fa4:	0c079a63          	bnez	a5,80001078 <spi_exchange+0xf8>
80000fa8:	800087b7          	lui	a5,0x80008
80000fac:	55c7a783          	lw	a5,1372(a5) # 8000855c <earth>
80000fb0:	0307a703          	lw	a4,48(a5)
80000fb4:	00100793          	li	a5,1
80000fb8:	00f71863          	bne	a4,a5,80000fc8 <spi_exchange+0x48>
80000fbc:	100507b7          	lui	a5,0x10050
80000fc0:	00878793          	addi	a5,a5,8 # 10050008 <boot_loader-0x6ffafff8>
80000fc4:	00c0006f          	j	80000fd0 <spi_exchange+0x50>
80000fc8:	f00097b7          	lui	a5,0xf0009
80000fcc:	80878793          	addi	a5,a5,-2040 # f0008808 <__heap_end+0x6ff08808>
80000fd0:	fdf44703          	lbu	a4,-33(s0)
80000fd4:	00e7a023          	sw	a4,0(a5)
80000fd8:	800087b7          	lui	a5,0x80008
80000fdc:	55c7a783          	lw	a5,1372(a5) # 8000855c <earth>
80000fe0:	0307a703          	lw	a4,48(a5)
80000fe4:	00100793          	li	a5,1
80000fe8:	00f71663          	bne	a4,a5,80000ff4 <spi_exchange+0x74>
80000fec:	100507b7          	lui	a5,0x10050
80000ff0:	00c0006f          	j	80000ffc <spi_exchange+0x7c>
80000ff4:	f00097b7          	lui	a5,0xf0009
80000ff8:	80078793          	addi	a5,a5,-2048 # f0008800 <__heap_end+0x6ff08800>
80000ffc:	00001737          	lui	a4,0x1
80001000:	80170713          	addi	a4,a4,-2047 # 801 <boot_loader-0x7ffff7ff>
80001004:	00e7a023          	sw	a4,0(a5)
80001008:	00000013          	nop
8000100c:	800087b7          	lui	a5,0x80008
80001010:	55c7a783          	lw	a5,1372(a5) # 8000855c <earth>
80001014:	0307a703          	lw	a4,48(a5)
80001018:	00100793          	li	a5,1
8000101c:	00f71863          	bne	a4,a5,8000102c <spi_exchange+0xac>
80001020:	100507b7          	lui	a5,0x10050
80001024:	00478793          	addi	a5,a5,4 # 10050004 <boot_loader-0x6ffafffc>
80001028:	00c0006f          	j	80001034 <spi_exchange+0xb4>
8000102c:	f00097b7          	lui	a5,0xf0009
80001030:	80478793          	addi	a5,a5,-2044 # f0008804 <__heap_end+0x6ff08804>
80001034:	0007a783          	lw	a5,0(a5)
80001038:	0017f713          	andi	a4,a5,1
8000103c:	00100793          	li	a5,1
80001040:	fcf716e3          	bne	a4,a5,8000100c <spi_exchange+0x8c>
80001044:	800087b7          	lui	a5,0x80008
80001048:	55c7a783          	lw	a5,1372(a5) # 8000855c <earth>
8000104c:	0307a703          	lw	a4,48(a5)
80001050:	00100793          	li	a5,1
80001054:	00f71863          	bne	a4,a5,80001064 <spi_exchange+0xe4>
80001058:	100507b7          	lui	a5,0x10050
8000105c:	00c78793          	addi	a5,a5,12 # 1005000c <boot_loader-0x6ffafff4>
80001060:	00c0006f          	j	8000106c <spi_exchange+0xec>
80001064:	f00097b7          	lui	a5,0xf0009
80001068:	80c78793          	addi	a5,a5,-2036 # f000880c <__heap_end+0x6ff0880c>
8000106c:	0007a783          	lw	a5,0(a5)
80001070:	fef42623          	sw	a5,-20(s0)
80001074:	0a40006f          	j	80001118 <spi_exchange+0x198>
80001078:	00000013          	nop
8000107c:	800087b7          	lui	a5,0x80008
80001080:	55c7a783          	lw	a5,1372(a5) # 8000855c <earth>
80001084:	0307a703          	lw	a4,48(a5)
80001088:	00100793          	li	a5,1
8000108c:	00f71863          	bne	a4,a5,8000109c <spi_exchange+0x11c>
80001090:	100507b7          	lui	a5,0x10050
80001094:	04878793          	addi	a5,a5,72 # 10050048 <boot_loader-0x6ffaffb8>
80001098:	00c0006f          	j	800010a4 <spi_exchange+0x124>
8000109c:	f00097b7          	lui	a5,0xf0009
800010a0:	84878793          	addi	a5,a5,-1976 # f0008848 <__heap_end+0x6ff08848>
800010a4:	0007a783          	lw	a5,0(a5)
800010a8:	fc07cae3          	bltz	a5,8000107c <spi_exchange+0xfc>
800010ac:	800087b7          	lui	a5,0x80008
800010b0:	55c7a783          	lw	a5,1372(a5) # 8000855c <earth>
800010b4:	0307a703          	lw	a4,48(a5)
800010b8:	00100793          	li	a5,1
800010bc:	00f71863          	bne	a4,a5,800010cc <spi_exchange+0x14c>
800010c0:	100507b7          	lui	a5,0x10050
800010c4:	04878793          	addi	a5,a5,72 # 10050048 <boot_loader-0x6ffaffb8>
800010c8:	00c0006f          	j	800010d4 <spi_exchange+0x154>
800010cc:	f00097b7          	lui	a5,0xf0009
800010d0:	84878793          	addi	a5,a5,-1976 # f0008848 <__heap_end+0x6ff08848>
800010d4:	fdf44703          	lbu	a4,-33(s0)
800010d8:	00e7a023          	sw	a4,0(a5)
800010dc:	00000013          	nop
800010e0:	800087b7          	lui	a5,0x80008
800010e4:	55c7a783          	lw	a5,1372(a5) # 8000855c <earth>
800010e8:	0307a703          	lw	a4,48(a5)
800010ec:	00100793          	li	a5,1
800010f0:	00f71863          	bne	a4,a5,80001100 <spi_exchange+0x180>
800010f4:	100507b7          	lui	a5,0x10050
800010f8:	04c78793          	addi	a5,a5,76 # 1005004c <boot_loader-0x6ffaffb4>
800010fc:	00c0006f          	j	80001108 <spi_exchange+0x188>
80001100:	f00097b7          	lui	a5,0xf0009
80001104:	84c78793          	addi	a5,a5,-1972 # f000884c <__heap_end+0x6ff0884c>
80001108:	0007a783          	lw	a5,0(a5)
8000110c:	fef42623          	sw	a5,-20(s0)
80001110:	fec42783          	lw	a5,-20(s0)
80001114:	fc07c6e3          	bltz	a5,800010e0 <spi_exchange+0x160>
80001118:	fec42783          	lw	a5,-20(s0)
8000111c:	0ff7f793          	zext.b	a5,a5
80001120:	00078513          	mv	a0,a5
80001124:	02c12083          	lw	ra,44(sp)
80001128:	02812403          	lw	s0,40(sp)
8000112c:	03010113          	addi	sp,sp,48
80001130:	00008067          	ret

80001134 <spi_set_clock>:
spi_set_clock():
80001134:	fd010113          	addi	sp,sp,-48
80001138:	02112623          	sw	ra,44(sp)
8000113c:	02812423          	sw	s0,40(sp)
80001140:	03010413          	addi	s0,sp,48
80001144:	fca42e23          	sw	a0,-36(s0)
80001148:	05f5e7b7          	lui	a5,0x5f5e
8000114c:	10078713          	addi	a4,a5,256 # 5f5e100 <boot_loader-0x7a0a1f00>
80001150:	fdc42783          	lw	a5,-36(s0)
80001154:	02f757b3          	divu	a5,a4,a5
80001158:	00178793          	addi	a5,a5,1
8000115c:	fef42623          	sw	a5,-20(s0)
80001160:	800087b7          	lui	a5,0x80008
80001164:	55c7a783          	lw	a5,1372(a5) # 8000855c <earth>
80001168:	0307a703          	lw	a4,48(a5)
8000116c:	00100793          	li	a5,1
80001170:	00f71863          	bne	a4,a5,80001180 <spi_set_clock+0x4c>
80001174:	100507b7          	lui	a5,0x10050
80001178:	01878793          	addi	a5,a5,24 # 10050018 <boot_loader-0x6ffaffe8>
8000117c:	00c0006f          	j	80001188 <spi_set_clock+0x54>
80001180:	f00097b7          	lui	a5,0xf0009
80001184:	81878793          	addi	a5,a5,-2024 # f0008818 <__heap_end+0x6ff08818>
80001188:	fec42703          	lw	a4,-20(s0)
8000118c:	00e7a023          	sw	a4,0(a5)
80001190:	00000013          	nop
80001194:	02c12083          	lw	ra,44(sp)
80001198:	02812403          	lw	s0,40(sp)
8000119c:	03010113          	addi	sp,sp,48
800011a0:	00008067          	ret

800011a4 <sd_exec_cmd>:
sd_exec_cmd():
800011a4:	fd010113          	addi	sp,sp,-48
800011a8:	02112623          	sw	ra,44(sp)
800011ac:	02812423          	sw	s0,40(sp)
800011b0:	03010413          	addi	s0,sp,48
800011b4:	fca42e23          	sw	a0,-36(s0)
800011b8:	fe042623          	sw	zero,-20(s0)
800011bc:	0280006f          	j	800011e4 <sd_exec_cmd+0x40>
800011c0:	fdc42703          	lw	a4,-36(s0)
800011c4:	fec42783          	lw	a5,-20(s0)
800011c8:	00f707b3          	add	a5,a4,a5
800011cc:	0007c783          	lbu	a5,0(a5)
800011d0:	00078513          	mv	a0,a5
800011d4:	dadff0ef          	jal	80000f80 <spi_exchange>
800011d8:	fec42783          	lw	a5,-20(s0)
800011dc:	00178793          	addi	a5,a5,1
800011e0:	fef42623          	sw	a5,-20(s0)
800011e4:	fec42703          	lw	a4,-20(s0)
800011e8:	00500793          	li	a5,5
800011ec:	fce7fae3          	bgeu	a5,a4,800011c0 <sd_exec_cmd+0x1c>
800011f0:	fe042423          	sw	zero,-24(s0)
800011f4:	0380006f          	j	8000122c <sd_exec_cmd+0x88>
800011f8:	0ff00513          	li	a0,255
800011fc:	d85ff0ef          	jal	80000f80 <spi_exchange>
80001200:	00050793          	mv	a5,a0
80001204:	fef42223          	sw	a5,-28(s0)
80001208:	fe442703          	lw	a4,-28(s0)
8000120c:	0ff00793          	li	a5,255
80001210:	00f70863          	beq	a4,a5,80001220 <sd_exec_cmd+0x7c>
80001214:	fe442783          	lw	a5,-28(s0)
80001218:	0ff7f793          	zext.b	a5,a5
8000121c:	0240006f          	j	80001240 <sd_exec_cmd+0x9c>
80001220:	fe842783          	lw	a5,-24(s0)
80001224:	00178793          	addi	a5,a5,1
80001228:	fef42423          	sw	a5,-24(s0)
8000122c:	fe842703          	lw	a4,-24(s0)
80001230:	000027b7          	lui	a5,0x2
80001234:	f3f78793          	addi	a5,a5,-193 # 1f3f <boot_loader-0x7fffe0c1>
80001238:	fce7f0e3          	bgeu	a5,a4,800011f8 <sd_exec_cmd+0x54>
8000123c:	0ff00793          	li	a5,255
80001240:	00078513          	mv	a0,a5
80001244:	02c12083          	lw	ra,44(sp)
80001248:	02812403          	lw	s0,40(sp)
8000124c:	03010113          	addi	sp,sp,48
80001250:	00008067          	ret

80001254 <sd_exec_acmd>:
sd_exec_acmd():
80001254:	fd010113          	addi	sp,sp,-48
80001258:	02112623          	sw	ra,44(sp)
8000125c:	02812423          	sw	s0,40(sp)
80001260:	03010413          	addi	s0,sp,48
80001264:	fca42e23          	sw	a0,-36(s0)
80001268:	07700793          	li	a5,119
8000126c:	fef42423          	sw	a5,-24(s0)
80001270:	f0000793          	li	a5,-256
80001274:	fef41623          	sh	a5,-20(s0)
80001278:	00000013          	nop
8000127c:	0ff00513          	li	a0,255
80001280:	d01ff0ef          	jal	80000f80 <spi_exchange>
80001284:	00050793          	mv	a5,a0
80001288:	00078713          	mv	a4,a5
8000128c:	0ff00793          	li	a5,255
80001290:	fef716e3          	bne	a4,a5,8000127c <sd_exec_acmd+0x28>
80001294:	fe840793          	addi	a5,s0,-24
80001298:	00078513          	mv	a0,a5
8000129c:	f09ff0ef          	jal	800011a4 <sd_exec_cmd>
800012a0:	00000013          	nop
800012a4:	0ff00513          	li	a0,255
800012a8:	cd9ff0ef          	jal	80000f80 <spi_exchange>
800012ac:	00050793          	mv	a5,a0
800012b0:	00078713          	mv	a4,a5
800012b4:	0ff00793          	li	a5,255
800012b8:	fef716e3          	bne	a4,a5,800012a4 <sd_exec_acmd+0x50>
800012bc:	fdc42503          	lw	a0,-36(s0)
800012c0:	ee5ff0ef          	jal	800011a4 <sd_exec_cmd>
800012c4:	00050793          	mv	a5,a0
800012c8:	00078513          	mv	a0,a5
800012cc:	02c12083          	lw	ra,44(sp)
800012d0:	02812403          	lw	s0,40(sp)
800012d4:	03010113          	addi	sp,sp,48
800012d8:	00008067          	ret

800012dc <sd_read>:
sd_read():
800012dc:	fd010113          	addi	sp,sp,-48
800012e0:	02112623          	sw	ra,44(sp)
800012e4:	02812423          	sw	s0,40(sp)
800012e8:	02912223          	sw	s1,36(sp)
800012ec:	03010413          	addi	s0,sp,48
800012f0:	fca42e23          	sw	a0,-36(s0)
800012f4:	fcb42c23          	sw	a1,-40(s0)
800012f8:	800087b7          	lui	a5,0x80008
800012fc:	55c7a783          	lw	a5,1372(a5) # 8000855c <earth>
80001300:	0307a703          	lw	a4,48(a5)
80001304:	00100793          	li	a5,1
80001308:	00f71863          	bne	a4,a5,80001318 <sd_read+0x3c>
8000130c:	fdc42783          	lw	a5,-36(s0)
80001310:	00979793          	slli	a5,a5,0x9
80001314:	fcf42e23          	sw	a5,-36(s0)
80001318:	00000013          	nop
8000131c:	0ff00513          	li	a0,255
80001320:	c61ff0ef          	jal	80000f80 <spi_exchange>
80001324:	00050793          	mv	a5,a0
80001328:	00078713          	mv	a4,a5
8000132c:	0ff00793          	li	a5,255
80001330:	fef716e3          	bne	a4,a5,8000131c <sd_read+0x40>
80001334:	fdc40793          	addi	a5,s0,-36
80001338:	fef42423          	sw	a5,-24(s0)
8000133c:	05100793          	li	a5,81
80001340:	fef40023          	sb	a5,-32(s0)
80001344:	fe842783          	lw	a5,-24(s0)
80001348:	0037c783          	lbu	a5,3(a5)
8000134c:	fef400a3          	sb	a5,-31(s0)
80001350:	fe842783          	lw	a5,-24(s0)
80001354:	0027c783          	lbu	a5,2(a5)
80001358:	fef40123          	sb	a5,-30(s0)
8000135c:	fe842783          	lw	a5,-24(s0)
80001360:	0017c783          	lbu	a5,1(a5)
80001364:	fef401a3          	sb	a5,-29(s0)
80001368:	fe842783          	lw	a5,-24(s0)
8000136c:	0007c783          	lbu	a5,0(a5)
80001370:	fef40223          	sb	a5,-28(s0)
80001374:	fff00793          	li	a5,-1
80001378:	fef402a3          	sb	a5,-27(s0)
8000137c:	fe040793          	addi	a5,s0,-32
80001380:	00078513          	mv	a0,a5
80001384:	e21ff0ef          	jal	800011a4 <sd_exec_cmd>
80001388:	00050793          	mv	a5,a0
8000138c:	fef403a3          	sb	a5,-25(s0)
80001390:	fe744783          	lbu	a5,-25(s0)
80001394:	00078c63          	beqz	a5,800013ac <sd_read+0xd0>
80001398:	fe744783          	lbu	a5,-25(s0)
8000139c:	00078593          	mv	a1,a5
800013a0:	800087b7          	lui	a5,0x80008
800013a4:	1cc78513          	addi	a0,a5,460 # 800081cc <__modsi3+0x4284>
800013a8:	77d010ef          	jal	80003324 <FATAL>
800013ac:	00000013          	nop
800013b0:	0ff00513          	li	a0,255
800013b4:	bcdff0ef          	jal	80000f80 <spi_exchange>
800013b8:	00050793          	mv	a5,a0
800013bc:	00078713          	mv	a4,a5
800013c0:	0fe00793          	li	a5,254
800013c4:	fef716e3          	bne	a4,a5,800013b0 <sd_read+0xd4>
800013c8:	fe042623          	sw	zero,-20(s0)
800013cc:	02c0006f          	j	800013f8 <sd_read+0x11c>
800013d0:	fd842703          	lw	a4,-40(s0)
800013d4:	fec42783          	lw	a5,-20(s0)
800013d8:	00f704b3          	add	s1,a4,a5
800013dc:	0ff00513          	li	a0,255
800013e0:	ba1ff0ef          	jal	80000f80 <spi_exchange>
800013e4:	00050793          	mv	a5,a0
800013e8:	00f48023          	sb	a5,0(s1)
800013ec:	fec42783          	lw	a5,-20(s0)
800013f0:	00178793          	addi	a5,a5,1
800013f4:	fef42623          	sw	a5,-20(s0)
800013f8:	fec42703          	lw	a4,-20(s0)
800013fc:	1ff00793          	li	a5,511
80001400:	fce7f8e3          	bgeu	a5,a4,800013d0 <sd_read+0xf4>
80001404:	0ff00513          	li	a0,255
80001408:	b79ff0ef          	jal	80000f80 <spi_exchange>
8000140c:	0ff00513          	li	a0,255
80001410:	b71ff0ef          	jal	80000f80 <spi_exchange>
80001414:	00000013          	nop
80001418:	02c12083          	lw	ra,44(sp)
8000141c:	02812403          	lw	s0,40(sp)
80001420:	02412483          	lw	s1,36(sp)
80001424:	03010113          	addi	sp,sp,48
80001428:	00008067          	ret

8000142c <sd_write>:
sd_write():
8000142c:	fd010113          	addi	sp,sp,-48
80001430:	02112623          	sw	ra,44(sp)
80001434:	02812423          	sw	s0,40(sp)
80001438:	03010413          	addi	s0,sp,48
8000143c:	fca42e23          	sw	a0,-36(s0)
80001440:	fcb42c23          	sw	a1,-40(s0)
80001444:	800087b7          	lui	a5,0x80008
80001448:	55c7a783          	lw	a5,1372(a5) # 8000855c <earth>
8000144c:	0307a703          	lw	a4,48(a5)
80001450:	00100793          	li	a5,1
80001454:	00f71863          	bne	a4,a5,80001464 <sd_write+0x38>
80001458:	fdc42783          	lw	a5,-36(s0)
8000145c:	00979793          	slli	a5,a5,0x9
80001460:	fcf42e23          	sw	a5,-36(s0)
80001464:	00000013          	nop
80001468:	0ff00513          	li	a0,255
8000146c:	b15ff0ef          	jal	80000f80 <spi_exchange>
80001470:	00050793          	mv	a5,a0
80001474:	00078713          	mv	a4,a5
80001478:	0ff00793          	li	a5,255
8000147c:	fef716e3          	bne	a4,a5,80001468 <sd_write+0x3c>
80001480:	fdc40793          	addi	a5,s0,-36
80001484:	fef42423          	sw	a5,-24(s0)
80001488:	05800793          	li	a5,88
8000148c:	fef40023          	sb	a5,-32(s0)
80001490:	fe842783          	lw	a5,-24(s0)
80001494:	0037c783          	lbu	a5,3(a5)
80001498:	fef400a3          	sb	a5,-31(s0)
8000149c:	fe842783          	lw	a5,-24(s0)
800014a0:	0027c783          	lbu	a5,2(a5)
800014a4:	fef40123          	sb	a5,-30(s0)
800014a8:	fe842783          	lw	a5,-24(s0)
800014ac:	0017c783          	lbu	a5,1(a5)
800014b0:	fef401a3          	sb	a5,-29(s0)
800014b4:	fe842783          	lw	a5,-24(s0)
800014b8:	0007c783          	lbu	a5,0(a5)
800014bc:	fef40223          	sb	a5,-28(s0)
800014c0:	fff00793          	li	a5,-1
800014c4:	fef402a3          	sb	a5,-27(s0)
800014c8:	fe040793          	addi	a5,s0,-32
800014cc:	00078513          	mv	a0,a5
800014d0:	cd5ff0ef          	jal	800011a4 <sd_exec_cmd>
800014d4:	00050793          	mv	a5,a0
800014d8:	fef403a3          	sb	a5,-25(s0)
800014dc:	fe744783          	lbu	a5,-25(s0)
800014e0:	00078c63          	beqz	a5,800014f8 <sd_write+0xcc>
800014e4:	fe744783          	lbu	a5,-25(s0)
800014e8:	00078593          	mv	a1,a5
800014ec:	800087b7          	lui	a5,0x80008
800014f0:	1f878513          	addi	a0,a5,504 # 800081f8 <__modsi3+0x42b0>
800014f4:	631010ef          	jal	80003324 <FATAL>
800014f8:	0ff00513          	li	a0,255
800014fc:	a85ff0ef          	jal	80000f80 <spi_exchange>
80001500:	0fe00513          	li	a0,254
80001504:	a7dff0ef          	jal	80000f80 <spi_exchange>
80001508:	fe042623          	sw	zero,-20(s0)
8000150c:	0280006f          	j	80001534 <sd_write+0x108>
80001510:	fd842703          	lw	a4,-40(s0)
80001514:	fec42783          	lw	a5,-20(s0)
80001518:	00f707b3          	add	a5,a4,a5
8000151c:	0007c783          	lbu	a5,0(a5)
80001520:	00078513          	mv	a0,a5
80001524:	a5dff0ef          	jal	80000f80 <spi_exchange>
80001528:	fec42783          	lw	a5,-20(s0)
8000152c:	00178793          	addi	a5,a5,1
80001530:	fef42623          	sw	a5,-20(s0)
80001534:	fec42703          	lw	a4,-20(s0)
80001538:	1ff00793          	li	a5,511
8000153c:	fce7fae3          	bgeu	a5,a4,80001510 <sd_write+0xe4>
80001540:	0ff00513          	li	a0,255
80001544:	a3dff0ef          	jal	80000f80 <spi_exchange>
80001548:	0ff00513          	li	a0,255
8000154c:	a35ff0ef          	jal	80000f80 <spi_exchange>
80001550:	00000013          	nop
80001554:	0ff00513          	li	a0,255
80001558:	a29ff0ef          	jal	80000f80 <spi_exchange>
8000155c:	00050793          	mv	a5,a0
80001560:	fef403a3          	sb	a5,-25(s0)
80001564:	fe744703          	lbu	a4,-25(s0)
80001568:	0ff00793          	li	a5,255
8000156c:	fef704e3          	beq	a4,a5,80001554 <sd_write+0x128>
80001570:	fe744783          	lbu	a5,-25(s0)
80001574:	01f7f713          	andi	a4,a5,31
80001578:	00500793          	li	a5,5
8000157c:	00f70c63          	beq	a4,a5,80001594 <sd_write+0x168>
80001580:	fe744783          	lbu	a5,-25(s0)
80001584:	00078593          	mv	a1,a5
80001588:	800087b7          	lui	a5,0x80008
8000158c:	22078513          	addi	a0,a5,544 # 80008220 <__modsi3+0x42d8>
80001590:	595010ef          	jal	80003324 <FATAL>
80001594:	00000013          	nop
80001598:	02c12083          	lw	ra,44(sp)
8000159c:	02812403          	lw	s0,40(sp)
800015a0:	03010113          	addi	sp,sp,48
800015a4:	00008067          	ret

800015a8 <sd_init>:
sd_init():
800015a8:	fc010113          	addi	sp,sp,-64
800015ac:	02112e23          	sw	ra,60(sp)
800015b0:	02812c23          	sw	s0,56(sp)
800015b4:	02912a23          	sw	s1,52(sp)
800015b8:	04010413          	addi	s0,sp,64
800015bc:	800087b7          	lui	a5,0x80008
800015c0:	24878513          	addi	a0,a5,584 # 80008248 <__modsi3+0x4300>
800015c4:	47d010ef          	jal	80003240 <INFO>
800015c8:	800087b7          	lui	a5,0x80008
800015cc:	55c7a783          	lw	a5,1372(a5) # 8000855c <earth>
800015d0:	0307a783          	lw	a5,48(a5)
800015d4:	08079c63          	bnez	a5,8000166c <sd_init+0xc4>
800015d8:	000627b7          	lui	a5,0x62
800015dc:	a8078513          	addi	a0,a5,-1408 # 61a80 <boot_loader-0x7ff9e580>
800015e0:	b55ff0ef          	jal	80001134 <spi_set_clock>
800015e4:	800087b7          	lui	a5,0x80008
800015e8:	55c7a783          	lw	a5,1372(a5) # 8000855c <earth>
800015ec:	0307a703          	lw	a4,48(a5)
800015f0:	00100793          	li	a5,1
800015f4:	00f71863          	bne	a4,a5,80001604 <sd_init+0x5c>
800015f8:	100507b7          	lui	a5,0x10050
800015fc:	01078793          	addi	a5,a5,16 # 10050010 <boot_loader-0x6ffafff0>
80001600:	00c0006f          	j	8000160c <sd_init+0x64>
80001604:	f00097b7          	lui	a5,0xf0009
80001608:	81078793          	addi	a5,a5,-2032 # f0008810 <__heap_end+0x6ff08810>
8000160c:	0007a023          	sw	zero,0(a5)
80001610:	fe042623          	sw	zero,-20(s0)
80001614:	0180006f          	j	8000162c <sd_init+0x84>
80001618:	0ff00513          	li	a0,255
8000161c:	965ff0ef          	jal	80000f80 <spi_exchange>
80001620:	fec42783          	lw	a5,-20(s0)
80001624:	00178793          	addi	a5,a5,1
80001628:	fef42623          	sw	a5,-20(s0)
8000162c:	fec42703          	lw	a4,-20(s0)
80001630:	3e700793          	li	a5,999
80001634:	fee7f2e3          	bgeu	a5,a4,80001618 <sd_init+0x70>
80001638:	800087b7          	lui	a5,0x80008
8000163c:	55c7a783          	lw	a5,1372(a5) # 8000855c <earth>
80001640:	0307a703          	lw	a4,48(a5)
80001644:	00100793          	li	a5,1
80001648:	00f71863          	bne	a4,a5,80001658 <sd_init+0xb0>
8000164c:	100507b7          	lui	a5,0x10050
80001650:	01078793          	addi	a5,a5,16 # 10050010 <boot_loader-0x6ffafff0>
80001654:	00c0006f          	j	80001660 <sd_init+0xb8>
80001658:	f00097b7          	lui	a5,0xf0009
8000165c:	81078793          	addi	a5,a5,-2032 # f0008810 <__heap_end+0x6ff08810>
80001660:	00100713          	li	a4,1
80001664:	00e7a023          	sw	a4,0(a5)
80001668:	08c0006f          	j	800016f4 <sd_init+0x14c>
8000166c:	800087b7          	lui	a5,0x80008
80001670:	55c7a783          	lw	a5,1372(a5) # 8000855c <earth>
80001674:	0307a703          	lw	a4,48(a5)
80001678:	00100793          	li	a5,1
8000167c:	00f71863          	bne	a4,a5,8000168c <sd_init+0xe4>
80001680:	100507b7          	lui	a5,0x10050
80001684:	01878793          	addi	a5,a5,24 # 10050018 <boot_loader-0x6ffaffe8>
80001688:	00c0006f          	j	80001694 <sd_init+0xec>
8000168c:	f00097b7          	lui	a5,0xf0009
80001690:	81878793          	addi	a5,a5,-2024 # f0008818 <__heap_end+0x6ff08818>
80001694:	00100713          	li	a4,1
80001698:	00e7a023          	sw	a4,0(a5)
8000169c:	fe042423          	sw	zero,-24(s0)
800016a0:	0180006f          	j	800016b8 <sd_init+0x110>
800016a4:	0ff00513          	li	a0,255
800016a8:	8d9ff0ef          	jal	80000f80 <spi_exchange>
800016ac:	fe842783          	lw	a5,-24(s0)
800016b0:	00178793          	addi	a5,a5,1
800016b4:	fef42423          	sw	a5,-24(s0)
800016b8:	fe842703          	lw	a4,-24(s0)
800016bc:	3e700793          	li	a5,999
800016c0:	fee7f2e3          	bgeu	a5,a4,800016a4 <sd_init+0xfc>
800016c4:	800087b7          	lui	a5,0x80008
800016c8:	55c7a783          	lw	a5,1372(a5) # 8000855c <earth>
800016cc:	0307a703          	lw	a4,48(a5)
800016d0:	00100793          	li	a5,1
800016d4:	00f71863          	bne	a4,a5,800016e4 <sd_init+0x13c>
800016d8:	100507b7          	lui	a5,0x10050
800016dc:	01478793          	addi	a5,a5,20 # 10050014 <boot_loader-0x6ffaffec>
800016e0:	00c0006f          	j	800016ec <sd_init+0x144>
800016e4:	f00097b7          	lui	a5,0xf0009
800016e8:	81478793          	addi	a5,a5,-2028 # f0008814 <__heap_end+0x6ff08814>
800016ec:	00100713          	li	a4,1
800016f0:	00e7a023          	sw	a4,0(a5)
800016f4:	800087b7          	lui	a5,0x80008
800016f8:	27078513          	addi	a0,a5,624 # 80008270 <__modsi3+0x4328>
800016fc:	345010ef          	jal	80003240 <INFO>
80001700:	04000793          	li	a5,64
80001704:	fcf42c23          	sw	a5,-40(s0)
80001708:	ffff97b7          	lui	a5,0xffff9
8000170c:	50078793          	addi	a5,a5,1280 # ffff9500 <__heap_end+0x7fef9500>
80001710:	fcf41e23          	sh	a5,-36(s0)
80001714:	fd840793          	addi	a5,s0,-40
80001718:	00078513          	mv	a0,a5
8000171c:	a89ff0ef          	jal	800011a4 <sd_exec_cmd>
80001720:	00050793          	mv	a5,a0
80001724:	fef403a3          	sb	a5,-25(s0)
80001728:	fe744703          	lbu	a4,-25(s0)
8000172c:	0ff00793          	li	a5,255
80001730:	00f71e63          	bne	a4,a5,8000174c <sd_init+0x1a4>
80001734:	fff00793          	li	a5,-1
80001738:	19c0006f          	j	800018d4 <sd_init+0x32c>
8000173c:	0ff00513          	li	a0,255
80001740:	841ff0ef          	jal	80000f80 <spi_exchange>
80001744:	00050793          	mv	a5,a0
80001748:	fef403a3          	sb	a5,-25(s0)
8000174c:	fe744703          	lbu	a4,-25(s0)
80001750:	00100793          	li	a5,1
80001754:	fef714e3          	bne	a4,a5,8000173c <sd_init+0x194>
80001758:	00000013          	nop
8000175c:	0ff00513          	li	a0,255
80001760:	821ff0ef          	jal	80000f80 <spi_exchange>
80001764:	00050793          	mv	a5,a0
80001768:	00078713          	mv	a4,a5
8000176c:	0ff00793          	li	a5,255
80001770:	fef716e3          	bne	a4,a5,8000175c <sd_init+0x1b4>
80001774:	800087b7          	lui	a5,0x80008
80001778:	2a078513          	addi	a0,a5,672 # 800082a0 <__modsi3+0x4358>
8000177c:	2c5010ef          	jal	80003240 <INFO>
80001780:	010007b7          	lui	a5,0x1000
80001784:	04878793          	addi	a5,a5,72 # 1000048 <boot_loader-0x7effffb8>
80001788:	fcf42823          	sw	a5,-48(s0)
8000178c:	ffff87b7          	lui	a5,0xffff8
80001790:	7aa78793          	addi	a5,a5,1962 # ffff87aa <__heap_end+0x7fef87aa>
80001794:	fcf41a23          	sh	a5,-44(s0)
80001798:	fd040793          	addi	a5,s0,-48
8000179c:	00078513          	mv	a0,a5
800017a0:	a05ff0ef          	jal	800011a4 <sd_exec_cmd>
800017a4:	00050793          	mv	a5,a0
800017a8:	fef403a3          	sb	a5,-25(s0)
800017ac:	fe744783          	lbu	a5,-25(s0)
800017b0:	0047f793          	andi	a5,a5,4
800017b4:	00078a63          	beqz	a5,800017c8 <sd_init+0x220>
800017b8:	800087b7          	lui	a5,0x80008
800017bc:	2cc78513          	addi	a0,a5,716 # 800082cc <__modsi3+0x4384>
800017c0:	365010ef          	jal	80003324 <FATAL>
800017c4:	0800006f          	j	80001844 <sd_init+0x29c>
800017c8:	fe042023          	sw	zero,-32(s0)
800017cc:	0340006f          	j	80001800 <sd_init+0x258>
800017d0:	00300713          	li	a4,3
800017d4:	fe042783          	lw	a5,-32(s0)
800017d8:	40f707b3          	sub	a5,a4,a5
800017dc:	fc440713          	addi	a4,s0,-60
800017e0:	00f704b3          	add	s1,a4,a5
800017e4:	0ff00513          	li	a0,255
800017e8:	f98ff0ef          	jal	80000f80 <spi_exchange>
800017ec:	00050793          	mv	a5,a0
800017f0:	00f48023          	sb	a5,0(s1)
800017f4:	fe042783          	lw	a5,-32(s0)
800017f8:	00178793          	addi	a5,a5,1
800017fc:	fef42023          	sw	a5,-32(s0)
80001800:	fe042703          	lw	a4,-32(s0)
80001804:	00300793          	li	a5,3
80001808:	fce7f4e3          	bgeu	a5,a4,800017d0 <sd_init+0x228>
8000180c:	fe744783          	lbu	a5,-25(s0)
80001810:	00078593          	mv	a1,a5
80001814:	800087b7          	lui	a5,0x80008
80001818:	2f478513          	addi	a0,a5,756 # 800082f4 <__modsi3+0x43ac>
8000181c:	225010ef          	jal	80003240 <INFO>
80001820:	fc442703          	lw	a4,-60(s0)
80001824:	000017b7          	lui	a5,0x1
80001828:	fff78793          	addi	a5,a5,-1 # fff <boot_loader-0x7ffff001>
8000182c:	00f77733          	and	a4,a4,a5
80001830:	1aa00793          	li	a5,426
80001834:	00f70863          	beq	a4,a5,80001844 <sd_init+0x29c>
80001838:	800087b7          	lui	a5,0x80008
8000183c:	31878513          	addi	a0,a5,792 # 80008318 <__modsi3+0x43d0>
80001840:	2e5010ef          	jal	80003324 <FATAL>
80001844:	00000013          	nop
80001848:	0ff00513          	li	a0,255
8000184c:	f34ff0ef          	jal	80000f80 <spi_exchange>
80001850:	00050793          	mv	a5,a0
80001854:	00078713          	mv	a4,a5
80001858:	0ff00793          	li	a5,255
8000185c:	fef716e3          	bne	a4,a5,80001848 <sd_init+0x2a0>
80001860:	000047b7          	lui	a5,0x4
80001864:	06978793          	addi	a5,a5,105 # 4069 <boot_loader-0x7fffbf97>
80001868:	fcf42423          	sw	a5,-56(s0)
8000186c:	f0000793          	li	a5,-256
80001870:	fcf41623          	sh	a5,-52(s0)
80001874:	00000013          	nop
80001878:	fc840793          	addi	a5,s0,-56
8000187c:	00078513          	mv	a0,a5
80001880:	9d5ff0ef          	jal	80001254 <sd_exec_acmd>
80001884:	00050793          	mv	a5,a0
80001888:	fe0798e3          	bnez	a5,80001878 <sd_init+0x2d0>
8000188c:	00000013          	nop
80001890:	0ff00513          	li	a0,255
80001894:	eecff0ef          	jal	80000f80 <spi_exchange>
80001898:	00050793          	mv	a5,a0
8000189c:	00078713          	mv	a4,a5
800018a0:	0ff00793          	li	a5,255
800018a4:	fef716e3          	bne	a4,a5,80001890 <sd_init+0x2e8>
800018a8:	800087b7          	lui	a5,0x80008
800018ac:	55c7a783          	lw	a5,1372(a5) # 8000855c <earth>
800018b0:	0307a783          	lw	a5,48(a5)
800018b4:	00079e63          	bnez	a5,800018d0 <sd_init+0x328>
800018b8:	800087b7          	lui	a5,0x80008
800018bc:	33478513          	addi	a0,a5,820 # 80008334 <__modsi3+0x43ec>
800018c0:	181010ef          	jal	80003240 <INFO>
800018c4:	013137b7          	lui	a5,0x1313
800018c8:	d0078513          	addi	a0,a5,-768 # 1312d00 <boot_loader-0x7eced300>
800018cc:	869ff0ef          	jal	80001134 <spi_set_clock>
800018d0:	00000793          	li	a5,0
800018d4:	00078513          	mv	a0,a5
800018d8:	03c12083          	lw	ra,60(sp)
800018dc:	03812403          	lw	s0,56(sp)
800018e0:	03412483          	lw	s1,52(sp)
800018e4:	04010113          	addi	sp,sp,64
800018e8:	00008067          	ret

800018ec <disk_read>:
disk_read():
800018ec:	fd010113          	addi	sp,sp,-48
800018f0:	02112623          	sw	ra,44(sp)
800018f4:	02812423          	sw	s0,40(sp)
800018f8:	03010413          	addi	s0,sp,48
800018fc:	fca42e23          	sw	a0,-36(s0)
80001900:	fcb42c23          	sw	a1,-40(s0)
80001904:	fcc42a23          	sw	a2,-44(s0)
80001908:	800087b7          	lui	a5,0x80008
8000190c:	5707a703          	lw	a4,1392(a5) # 80008570 <type>
80001910:	00100793          	li	a5,1
80001914:	02f71a63          	bne	a4,a5,80001948 <disk_read+0x5c>
80001918:	fdc42783          	lw	a5,-36(s0)
8000191c:	00979713          	slli	a4,a5,0x9
80001920:	204007b7          	lui	a5,0x20400
80001924:	00f707b3          	add	a5,a4,a5
80001928:	fef42423          	sw	a5,-24(s0)
8000192c:	fd842783          	lw	a5,-40(s0)
80001930:	00979793          	slli	a5,a5,0x9
80001934:	00078613          	mv	a2,a5
80001938:	fe842583          	lw	a1,-24(s0)
8000193c:	fd442503          	lw	a0,-44(s0)
80001940:	32c020ef          	jal	80003c6c <memcpy>
80001944:	04c0006f          	j	80001990 <disk_read+0xa4>
80001948:	fe042623          	sw	zero,-20(s0)
8000194c:	0380006f          	j	80001984 <disk_read+0x98>
80001950:	fdc42703          	lw	a4,-36(s0)
80001954:	fec42783          	lw	a5,-20(s0)
80001958:	00f706b3          	add	a3,a4,a5
8000195c:	fec42783          	lw	a5,-20(s0)
80001960:	00979793          	slli	a5,a5,0x9
80001964:	fd442703          	lw	a4,-44(s0)
80001968:	00f707b3          	add	a5,a4,a5
8000196c:	00078593          	mv	a1,a5
80001970:	00068513          	mv	a0,a3
80001974:	969ff0ef          	jal	800012dc <sd_read>
80001978:	fec42783          	lw	a5,-20(s0)
8000197c:	00178793          	addi	a5,a5,1 # 20400001 <boot_loader-0x5fbfffff>
80001980:	fef42623          	sw	a5,-20(s0)
80001984:	fec42703          	lw	a4,-20(s0)
80001988:	fd842783          	lw	a5,-40(s0)
8000198c:	fcf762e3          	bltu	a4,a5,80001950 <disk_read+0x64>
80001990:	02c12083          	lw	ra,44(sp)
80001994:	02812403          	lw	s0,40(sp)
80001998:	03010113          	addi	sp,sp,48
8000199c:	00008067          	ret

800019a0 <disk_write>:
disk_write():
800019a0:	fd010113          	addi	sp,sp,-48
800019a4:	02112623          	sw	ra,44(sp)
800019a8:	02812423          	sw	s0,40(sp)
800019ac:	03010413          	addi	s0,sp,48
800019b0:	fca42e23          	sw	a0,-36(s0)
800019b4:	fcb42c23          	sw	a1,-40(s0)
800019b8:	fcc42a23          	sw	a2,-44(s0)
800019bc:	800087b7          	lui	a5,0x80008
800019c0:	5707a703          	lw	a4,1392(a5) # 80008570 <type>
800019c4:	00100793          	li	a5,1
800019c8:	00f71863          	bne	a4,a5,800019d8 <disk_write+0x38>
800019cc:	800087b7          	lui	a5,0x80008
800019d0:	36078513          	addi	a0,a5,864 # 80008360 <__modsi3+0x4418>
800019d4:	151010ef          	jal	80003324 <FATAL>
800019d8:	fe042623          	sw	zero,-20(s0)
800019dc:	0380006f          	j	80001a14 <disk_write+0x74>
800019e0:	fdc42703          	lw	a4,-36(s0)
800019e4:	fec42783          	lw	a5,-20(s0)
800019e8:	00f706b3          	add	a3,a4,a5
800019ec:	fec42783          	lw	a5,-20(s0)
800019f0:	00979793          	slli	a5,a5,0x9
800019f4:	fd442703          	lw	a4,-44(s0)
800019f8:	00f707b3          	add	a5,a4,a5
800019fc:	00078593          	mv	a1,a5
80001a00:	00068513          	mv	a0,a3
80001a04:	a29ff0ef          	jal	8000142c <sd_write>
80001a08:	fec42783          	lw	a5,-20(s0)
80001a0c:	00178793          	addi	a5,a5,1
80001a10:	fef42623          	sw	a5,-20(s0)
80001a14:	fec42703          	lw	a4,-20(s0)
80001a18:	fd842783          	lw	a5,-40(s0)
80001a1c:	fcf762e3          	bltu	a4,a5,800019e0 <disk_write+0x40>
80001a20:	00000013          	nop
80001a24:	00000013          	nop
80001a28:	02c12083          	lw	ra,44(sp)
80001a2c:	02812403          	lw	s0,40(sp)
80001a30:	03010113          	addi	sp,sp,48
80001a34:	00008067          	ret

80001a38 <disk_init>:
disk_init():
80001a38:	ff010113          	addi	sp,sp,-16
80001a3c:	00112623          	sw	ra,12(sp)
80001a40:	00812423          	sw	s0,8(sp)
80001a44:	01010413          	addi	s0,sp,16
80001a48:	800087b7          	lui	a5,0x80008
80001a4c:	55c7a783          	lw	a5,1372(a5) # 8000855c <earth>
80001a50:	80002737          	lui	a4,0x80002
80001a54:	8ec70713          	addi	a4,a4,-1812 # 800018ec <disk_read>
80001a58:	02e7a423          	sw	a4,40(a5)
80001a5c:	800087b7          	lui	a5,0x80008
80001a60:	55c7a783          	lw	a5,1372(a5) # 8000855c <earth>
80001a64:	80002737          	lui	a4,0x80002
80001a68:	9a070713          	addi	a4,a4,-1632 # 800019a0 <disk_write>
80001a6c:	02e7a623          	sw	a4,44(a5)
80001a70:	b39ff0ef          	jal	800015a8 <sd_init>
80001a74:	00050793          	mv	a5,a0
80001a78:	00f037b3          	snez	a5,a5
80001a7c:	0ff7f793          	zext.b	a5,a5
80001a80:	00078713          	mv	a4,a5
80001a84:	800087b7          	lui	a5,0x80008
80001a88:	56e7a823          	sw	a4,1392(a5) # 80008570 <type>
80001a8c:	800087b7          	lui	a5,0x80008
80001a90:	5707a703          	lw	a4,1392(a5) # 80008570 <type>
80001a94:	00100793          	li	a5,1
80001a98:	00f71863          	bne	a4,a5,80001aa8 <disk_init+0x70>
80001a9c:	800087b7          	lui	a5,0x80008
80001aa0:	37c78513          	addi	a0,a5,892 # 8000837c <__modsi3+0x4434>
80001aa4:	30d010ef          	jal	800035b0 <CRITICAL>
80001aa8:	00000013          	nop
80001aac:	00c12083          	lw	ra,12(sp)
80001ab0:	00812403          	lw	s0,8(sp)
80001ab4:	01010113          	addi	sp,sp,16
80001ab8:	00008067          	ret

80001abc <uart_rx_empty>:
uart_rx_empty():
80001abc:	ff010113          	addi	sp,sp,-16
80001ac0:	00112623          	sw	ra,12(sp)
80001ac4:	00812423          	sw	s0,8(sp)
80001ac8:	01010413          	addi	s0,sp,16
80001acc:	800087b7          	lui	a5,0x80008
80001ad0:	55c7a783          	lw	a5,1372(a5) # 8000855c <earth>
80001ad4:	0307a783          	lw	a5,48(a5)
80001ad8:	02079a63          	bnez	a5,80001b0c <uart_rx_empty+0x50>
80001adc:	800087b7          	lui	a5,0x80008
80001ae0:	55c7a783          	lw	a5,1372(a5) # 8000855c <earth>
80001ae4:	0307a703          	lw	a4,48(a5)
80001ae8:	00100793          	li	a5,1
80001aec:	00f71863          	bne	a4,a5,80001afc <uart_rx_empty+0x40>
80001af0:	100107b7          	lui	a5,0x10010
80001af4:	00878793          	addi	a5,a5,8 # 10010008 <boot_loader-0x6ffefff8>
80001af8:	00c0006f          	j	80001b04 <uart_rx_empty+0x48>
80001afc:	f00017b7          	lui	a5,0xf0001
80001b00:	00878793          	addi	a5,a5,8 # f0001008 <__heap_end+0x6ff01008>
80001b04:	0007a783          	lw	a5,0(a5)
80001b08:	03c0006f          	j	80001b44 <uart_rx_empty+0x88>
80001b0c:	800087b7          	lui	a5,0x80008
80001b10:	55c7a783          	lw	a5,1372(a5) # 8000855c <earth>
80001b14:	0307a703          	lw	a4,48(a5)
80001b18:	00100793          	li	a5,1
80001b1c:	00f71863          	bne	a4,a5,80001b2c <uart_rx_empty+0x70>
80001b20:	100107b7          	lui	a5,0x10010
80001b24:	01478793          	addi	a5,a5,20 # 10010014 <boot_loader-0x6ffeffec>
80001b28:	00c0006f          	j	80001b34 <uart_rx_empty+0x78>
80001b2c:	f00017b7          	lui	a5,0xf0001
80001b30:	01478793          	addi	a5,a5,20 # f0001014 <__heap_end+0x6ff01014>
80001b34:	0007a783          	lw	a5,0(a5)
80001b38:	0027f793          	andi	a5,a5,2
80001b3c:	0017b793          	seqz	a5,a5
80001b40:	0ff7f793          	zext.b	a5,a5
80001b44:	00078513          	mv	a0,a5
80001b48:	00c12083          	lw	ra,12(sp)
80001b4c:	00812403          	lw	s0,8(sp)
80001b50:	01010113          	addi	sp,sp,16
80001b54:	00008067          	ret

80001b58 <uart_getc>:
uart_getc():
80001b58:	fd010113          	addi	sp,sp,-48
80001b5c:	02112623          	sw	ra,44(sp)
80001b60:	02812423          	sw	s0,40(sp)
80001b64:	03010413          	addi	s0,sp,48
80001b68:	fca42e23          	sw	a0,-36(s0)
80001b6c:	800087b7          	lui	a5,0x80008
80001b70:	55c7a783          	lw	a5,1372(a5) # 8000855c <earth>
80001b74:	0307a783          	lw	a5,48(a5)
80001b78:	08079e63          	bnez	a5,80001c14 <uart_getc+0xbc>
80001b7c:	00000013          	nop
80001b80:	800087b7          	lui	a5,0x80008
80001b84:	55c7a783          	lw	a5,1372(a5) # 8000855c <earth>
80001b88:	0307a703          	lw	a4,48(a5)
80001b8c:	00100793          	li	a5,1
80001b90:	00f71863          	bne	a4,a5,80001ba0 <uart_getc+0x48>
80001b94:	100107b7          	lui	a5,0x10010
80001b98:	00878793          	addi	a5,a5,8 # 10010008 <boot_loader-0x6ffefff8>
80001b9c:	00c0006f          	j	80001ba8 <uart_getc+0x50>
80001ba0:	f00017b7          	lui	a5,0xf0001
80001ba4:	00878793          	addi	a5,a5,8 # f0001008 <__heap_end+0x6ff01008>
80001ba8:	0007a783          	lw	a5,0(a5)
80001bac:	fc079ae3          	bnez	a5,80001b80 <uart_getc+0x28>
80001bb0:	800087b7          	lui	a5,0x80008
80001bb4:	55c7a783          	lw	a5,1372(a5) # 8000855c <earth>
80001bb8:	0307a703          	lw	a4,48(a5)
80001bbc:	00100793          	li	a5,1
80001bc0:	00f71663          	bne	a4,a5,80001bcc <uart_getc+0x74>
80001bc4:	100107b7          	lui	a5,0x10010
80001bc8:	0080006f          	j	80001bd0 <uart_getc+0x78>
80001bcc:	f00017b7          	lui	a5,0xf0001
80001bd0:	0007a783          	lw	a5,0(a5) # f0001000 <__heap_end+0x6ff01000>
80001bd4:	0ff7f713          	zext.b	a4,a5
80001bd8:	fdc42783          	lw	a5,-36(s0)
80001bdc:	00e78023          	sb	a4,0(a5)
80001be0:	800087b7          	lui	a5,0x80008
80001be4:	55c7a783          	lw	a5,1372(a5) # 8000855c <earth>
80001be8:	0307a703          	lw	a4,48(a5)
80001bec:	00100793          	li	a5,1
80001bf0:	00f71863          	bne	a4,a5,80001c00 <uart_getc+0xa8>
80001bf4:	100107b7          	lui	a5,0x10010
80001bf8:	01078793          	addi	a5,a5,16 # 10010010 <boot_loader-0x6ffefff0>
80001bfc:	00c0006f          	j	80001c08 <uart_getc+0xb0>
80001c00:	f00017b7          	lui	a5,0xf0001
80001c04:	01078793          	addi	a5,a5,16 # f0001010 <__heap_end+0x6ff01010>
80001c08:	00200713          	li	a4,2
80001c0c:	00e7a023          	sw	a4,0(a5)
80001c10:	0500006f          	j	80001c60 <uart_getc+0x108>
80001c14:	00000013          	nop
80001c18:	800087b7          	lui	a5,0x80008
80001c1c:	55c7a783          	lw	a5,1372(a5) # 8000855c <earth>
80001c20:	0307a703          	lw	a4,48(a5)
80001c24:	00100793          	li	a5,1
80001c28:	00f71863          	bne	a4,a5,80001c38 <uart_getc+0xe0>
80001c2c:	100107b7          	lui	a5,0x10010
80001c30:	00478793          	addi	a5,a5,4 # 10010004 <boot_loader-0x6ffefffc>
80001c34:	00c0006f          	j	80001c40 <uart_getc+0xe8>
80001c38:	f00017b7          	lui	a5,0xf0001
80001c3c:	00478793          	addi	a5,a5,4 # f0001004 <__heap_end+0x6ff01004>
80001c40:	0007a783          	lw	a5,0(a5)
80001c44:	fef42623          	sw	a5,-20(s0)
80001c48:	fec42783          	lw	a5,-20(s0)
80001c4c:	fc07c6e3          	bltz	a5,80001c18 <uart_getc+0xc0>
80001c50:	fec42783          	lw	a5,-20(s0)
80001c54:	0ff7f713          	zext.b	a4,a5
80001c58:	fdc42783          	lw	a5,-36(s0)
80001c5c:	00e78023          	sb	a4,0(a5)
80001c60:	00000013          	nop
80001c64:	02c12083          	lw	ra,44(sp)
80001c68:	02812403          	lw	s0,40(sp)
80001c6c:	03010113          	addi	sp,sp,48
80001c70:	00008067          	ret

80001c74 <uart_putc>:
uart_putc():
80001c74:	fe010113          	addi	sp,sp,-32
80001c78:	00112e23          	sw	ra,28(sp)
80001c7c:	00812c23          	sw	s0,24(sp)
80001c80:	02010413          	addi	s0,sp,32
80001c84:	00050793          	mv	a5,a0
80001c88:	fef407a3          	sb	a5,-17(s0)
80001c8c:	800087b7          	lui	a5,0x80008
80001c90:	55c7a783          	lw	a5,1372(a5) # 8000855c <earth>
80001c94:	0307a783          	lw	a5,48(a5)
80001c98:	08079a63          	bnez	a5,80001d2c <uart_putc+0xb8>
80001c9c:	00000013          	nop
80001ca0:	800087b7          	lui	a5,0x80008
80001ca4:	55c7a783          	lw	a5,1372(a5) # 8000855c <earth>
80001ca8:	0307a703          	lw	a4,48(a5)
80001cac:	00100793          	li	a5,1
80001cb0:	00f71863          	bne	a4,a5,80001cc0 <uart_putc+0x4c>
80001cb4:	100107b7          	lui	a5,0x10010
80001cb8:	00478793          	addi	a5,a5,4 # 10010004 <boot_loader-0x6ffefffc>
80001cbc:	00c0006f          	j	80001cc8 <uart_putc+0x54>
80001cc0:	f00017b7          	lui	a5,0xf0001
80001cc4:	00478793          	addi	a5,a5,4 # f0001004 <__heap_end+0x6ff01004>
80001cc8:	0007a783          	lw	a5,0(a5)
80001ccc:	fc079ae3          	bnez	a5,80001ca0 <uart_putc+0x2c>
80001cd0:	800087b7          	lui	a5,0x80008
80001cd4:	55c7a783          	lw	a5,1372(a5) # 8000855c <earth>
80001cd8:	0307a703          	lw	a4,48(a5)
80001cdc:	00100793          	li	a5,1
80001ce0:	00f71663          	bne	a4,a5,80001cec <uart_putc+0x78>
80001ce4:	100107b7          	lui	a5,0x10010
80001ce8:	0080006f          	j	80001cf0 <uart_putc+0x7c>
80001cec:	f00017b7          	lui	a5,0xf0001
80001cf0:	fef44703          	lbu	a4,-17(s0)
80001cf4:	00e7a023          	sw	a4,0(a5) # f0001000 <__heap_end+0x6ff01000>
80001cf8:	800087b7          	lui	a5,0x80008
80001cfc:	55c7a783          	lw	a5,1372(a5) # 8000855c <earth>
80001d00:	0307a703          	lw	a4,48(a5)
80001d04:	00100793          	li	a5,1
80001d08:	00f71863          	bne	a4,a5,80001d18 <uart_putc+0xa4>
80001d0c:	100107b7          	lui	a5,0x10010
80001d10:	01078793          	addi	a5,a5,16 # 10010010 <boot_loader-0x6ffefff0>
80001d14:	00c0006f          	j	80001d20 <uart_putc+0xac>
80001d18:	f00017b7          	lui	a5,0xf0001
80001d1c:	01078793          	addi	a5,a5,16 # f0001010 <__heap_end+0x6ff01010>
80001d20:	00100713          	li	a4,1
80001d24:	00e7a023          	sw	a4,0(a5)
80001d28:	0580006f          	j	80001d80 <uart_putc+0x10c>
80001d2c:	00000013          	nop
80001d30:	800087b7          	lui	a5,0x80008
80001d34:	55c7a783          	lw	a5,1372(a5) # 8000855c <earth>
80001d38:	0307a703          	lw	a4,48(a5)
80001d3c:	00100793          	li	a5,1
80001d40:	00f71663          	bne	a4,a5,80001d4c <uart_putc+0xd8>
80001d44:	100107b7          	lui	a5,0x10010
80001d48:	0080006f          	j	80001d50 <uart_putc+0xdc>
80001d4c:	f00017b7          	lui	a5,0xf0001
80001d50:	0007a783          	lw	a5,0(a5) # f0001000 <__heap_end+0x6ff01000>
80001d54:	fc07cee3          	bltz	a5,80001d30 <uart_putc+0xbc>
80001d58:	800087b7          	lui	a5,0x80008
80001d5c:	55c7a783          	lw	a5,1372(a5) # 8000855c <earth>
80001d60:	0307a703          	lw	a4,48(a5)
80001d64:	00100793          	li	a5,1
80001d68:	00f71663          	bne	a4,a5,80001d74 <uart_putc+0x100>
80001d6c:	100107b7          	lui	a5,0x10010
80001d70:	0080006f          	j	80001d78 <uart_putc+0x104>
80001d74:	f00017b7          	lui	a5,0xf0001
80001d78:	fef44703          	lbu	a4,-17(s0)
80001d7c:	00e7a023          	sw	a4,0(a5) # f0001000 <__heap_end+0x6ff01000>
80001d80:	00000013          	nop
80001d84:	01c12083          	lw	ra,28(sp)
80001d88:	01812403          	lw	s0,24(sp)
80001d8c:	02010113          	addi	sp,sp,32
80001d90:	00008067          	ret

80001d94 <tty_init>:
tty_init():
80001d94:	ff010113          	addi	sp,sp,-16
80001d98:	00112623          	sw	ra,12(sp)
80001d9c:	00812423          	sw	s0,8(sp)
80001da0:	01010413          	addi	s0,sp,16
80001da4:	800087b7          	lui	a5,0x80008
80001da8:	55c7a783          	lw	a5,1372(a5) # 8000855c <earth>
80001dac:	80002737          	lui	a4,0x80002
80001db0:	b5870713          	addi	a4,a4,-1192 # 80001b58 <uart_getc>
80001db4:	00e7ae23          	sw	a4,28(a5)
80001db8:	800087b7          	lui	a5,0x80008
80001dbc:	55c7a783          	lw	a5,1372(a5) # 8000855c <earth>
80001dc0:	80002737          	lui	a4,0x80002
80001dc4:	c7470713          	addi	a4,a4,-908 # 80001c74 <uart_putc>
80001dc8:	02e7a023          	sw	a4,32(a5)
80001dcc:	800087b7          	lui	a5,0x80008
80001dd0:	55c7a783          	lw	a5,1372(a5) # 8000855c <earth>
80001dd4:	80002737          	lui	a4,0x80002
80001dd8:	abc70713          	addi	a4,a4,-1348 # 80001abc <uart_rx_empty>
80001ddc:	02e7a223          	sw	a4,36(a5)
80001de0:	00000013          	nop
80001de4:	00c12083          	lw	ra,12(sp)
80001de8:	00812403          	lw	s0,8(sp)
80001dec:	01010113          	addi	sp,sp,16
80001df0:	00008067          	ret

80001df4 <sys_proc_read>:
sys_proc_read():
80001df4:	fe010113          	addi	sp,sp,-32
80001df8:	00112e23          	sw	ra,28(sp)
80001dfc:	00812c23          	sw	s0,24(sp)
80001e00:	02010413          	addi	s0,sp,32
80001e04:	fea42623          	sw	a0,-20(s0)
80001e08:	feb42423          	sw	a1,-24(s0)
80001e0c:	800087b7          	lui	a5,0x80008
80001e10:	55c7a783          	lw	a5,1372(a5) # 8000855c <earth>
80001e14:	0287a783          	lw	a5,40(a5)
80001e18:	fec42703          	lw	a4,-20(s0)
80001e1c:	10070713          	addi	a4,a4,256
80001e20:	fe842603          	lw	a2,-24(s0)
80001e24:	00100593          	li	a1,1
80001e28:	00070513          	mv	a0,a4
80001e2c:	000780e7          	jalr	a5
80001e30:	00000013          	nop
80001e34:	01c12083          	lw	ra,28(sp)
80001e38:	01812403          	lw	s0,24(sp)
80001e3c:	02010113          	addi	sp,sp,32
80001e40:	00008067          	ret

80001e44 <grass_entry>:
grass_entry():
80001e44:	fe010113          	addi	sp,sp,-32
80001e48:	00112e23          	sw	ra,28(sp)
80001e4c:	00812c23          	sw	s0,24(sp)
80001e50:	02010413          	addi	s0,sp,32
80001e54:	800087b7          	lui	a5,0x80008
80001e58:	3a078513          	addi	a0,a5,928 # 800083a0 <__modsi3+0x4458>
80001e5c:	600010ef          	jal	8000345c <SUCCESS>
80001e60:	800087b7          	lui	a5,0x80008
80001e64:	5587a783          	lw	a5,1368(a5) # 80008558 <grass>
80001e68:	80003737          	lui	a4,0x80003
80001e6c:	b2470713          	addi	a4,a4,-1244 # 80002b24 <proc_free>
80001e70:	00e7a223          	sw	a4,4(a5)
80001e74:	800087b7          	lui	a5,0x80008
80001e78:	5587a783          	lw	a5,1368(a5) # 80008558 <grass>
80001e7c:	80003737          	lui	a4,0x80003
80001e80:	a4870713          	addi	a4,a4,-1464 # 80002a48 <proc_alloc>
80001e84:	00e7a023          	sw	a4,0(a5)
80001e88:	800087b7          	lui	a5,0x80008
80001e8c:	5587a783          	lw	a5,1368(a5) # 80008558 <grass>
80001e90:	80003737          	lui	a4,0x80003
80001e94:	97870713          	addi	a4,a4,-1672 # 80002978 <proc_set_ready>
80001e98:	00e7a423          	sw	a4,8(a5)
80001e9c:	800087b7          	lui	a5,0x80008
80001ea0:	5587a783          	lw	a5,1368(a5) # 80008558 <grass>
80001ea4:	80003737          	lui	a4,0x80003
80001ea8:	78070713          	addi	a4,a4,1920 # 80003780 <sys_send>
80001eac:	00e7a623          	sw	a4,12(a5)
80001eb0:	800087b7          	lui	a5,0x80008
80001eb4:	5587a783          	lw	a5,1368(a5) # 80008558 <grass>
80001eb8:	80003737          	lui	a4,0x80003
80001ebc:	7f070713          	addi	a4,a4,2032 # 800037f0 <sys_recv>
80001ec0:	00e7a823          	sw	a4,16(a5)
80001ec4:	00100593          	li	a1,1
80001ec8:	800087b7          	lui	a5,0x80008
80001ecc:	3b878513          	addi	a0,a5,952 # 800083b8 <__modsi3+0x4470>
80001ed0:	370010ef          	jal	80003240 <INFO>
80001ed4:	00000693          	li	a3,0
80001ed8:	00000613          	li	a2,0
80001edc:	800027b7          	lui	a5,0x80002
80001ee0:	df478593          	addi	a1,a5,-524 # 80001df4 <sys_proc_read>
80001ee4:	00100513          	li	a0,1
80001ee8:	545000ef          	jal	80002c2c <elf_load>
80001eec:	35d000ef          	jal	80002a48 <proc_alloc>
80001ef0:	00050793          	mv	a5,a0
80001ef4:	00078513          	mv	a0,a5
80001ef8:	2b5000ef          	jal	800029ac <proc_set_running>
80001efc:	800087b7          	lui	a5,0x80008
80001f00:	55c7a783          	lw	a5,1372(a5) # 8000855c <earth>
80001f04:	0187a783          	lw	a5,24(a5)
80001f08:	00100513          	li	a0,1
80001f0c:	000780e7          	jalr	a5
80001f10:	800087b7          	lui	a5,0x80008
80001f14:	55c7a783          	lw	a5,1372(a5) # 8000855c <earth>
80001f18:	0087a783          	lw	a5,8(a5)
80001f1c:	000780e7          	jalr	a5
80001f20:	00300793          	li	a5,3
80001f24:	fef42623          	sw	a5,-20(s0)
80001f28:	fe042423          	sw	zero,-24(s0)
80001f2c:	800087b7          	lui	a5,0x80008
80001f30:	55c7a783          	lw	a5,1372(a5) # 8000855c <earth>
80001f34:	0347a703          	lw	a4,52(a5)
80001f38:	00100793          	li	a5,1
80001f3c:	00f71663          	bne	a4,a5,80001f48 <grass_entry+0x104>
80001f40:	fec42783          	lw	a5,-20(s0)
80001f44:	0080006f          	j	80001f4c <grass_entry+0x108>
80001f48:	fe842783          	lw	a5,-24(s0)
80001f4c:	fef42223          	sw	a5,-28(s0)
80001f50:	300027f3          	csrr	a5,mstatus
80001f54:	fef42023          	sw	a5,-32(s0)
80001f58:	fe042703          	lw	a4,-32(s0)
80001f5c:	ffffe7b7          	lui	a5,0xffffe
80001f60:	7ff78793          	addi	a5,a5,2047 # ffffe7ff <__heap_end+0x7fefe7ff>
80001f64:	00f77733          	and	a4,a4,a5
80001f68:	fe442783          	lw	a5,-28(s0)
80001f6c:	00b79793          	slli	a5,a5,0xb
80001f70:	00f767b3          	or	a5,a4,a5
80001f74:	fef42023          	sw	a5,-32(s0)
80001f78:	fe042783          	lw	a5,-32(s0)
80001f7c:	30079073          	csrw	mstatus,a5
80001f80:	802007b7          	lui	a5,0x80200
80001f84:	34179073          	csrw	mepc,a5
80001f88:	803007b7          	lui	a5,0x80300
80001f8c:	00078513          	mv	a0,a5
80001f90:	800087b7          	lui	a5,0x80008
80001f94:	57c78793          	addi	a5,a5,1404 # 8000857c <boot_lock>
80001f98:	00078593          	mv	a1,a5
80001f9c:	30200073          	mret
80001fa0:	00000013          	nop
80001fa4:	01c12083          	lw	ra,28(sp)
80001fa8:	01812403          	lw	s0,24(sp)
80001fac:	02010113          	addi	sp,sp,32
80001fb0:	00008067          	ret

80001fb4 <kernel_entry>:
kernel_entry():
80001fb4:	fe010113          	addi	sp,sp,-32
80001fb8:	00112e23          	sw	ra,28(sp)
80001fbc:	00812c23          	sw	s0,24(sp)
80001fc0:	02010413          	addi	s0,sp,32
80001fc4:	f1402773          	csrr	a4,mhartid
80001fc8:	800087b7          	lui	a5,0x80008
80001fcc:	56e7aa23          	sw	a4,1396(a5) # 80008574 <core_in_kernel>
80001fd0:	800087b7          	lui	a5,0x80008
80001fd4:	5747a783          	lw	a5,1396(a5) # 80008574 <core_in_kernel>
80001fd8:	8000a737          	lui	a4,0x8000a
80001fdc:	18470713          	addi	a4,a4,388 # 8000a184 <core_to_proc_idx>
80001fe0:	00279793          	slli	a5,a5,0x2
80001fe4:	00f707b3          	add	a5,a4,a5
80001fe8:	0007a603          	lw	a2,0(a5)
80001fec:	34102773          	csrr	a4,mepc
80001ff0:	8000a7b7          	lui	a5,0x8000a
80001ff4:	19878693          	addi	a3,a5,408 # 8000a198 <proc_set>
80001ff8:	49c00793          	li	a5,1180
80001ffc:	02f607b3          	mul	a5,a2,a5
80002000:	00f687b3          	add	a5,a3,a5
80002004:	40e7ac23          	sw	a4,1048(a5)
80002008:	800087b7          	lui	a5,0x80008
8000200c:	5747a783          	lw	a5,1396(a5) # 80008574 <core_in_kernel>
80002010:	8000a737          	lui	a4,0x8000a
80002014:	18470713          	addi	a4,a4,388 # 8000a184 <core_to_proc_idx>
80002018:	00279793          	slli	a5,a5,0x2
8000201c:	00f707b3          	add	a5,a4,a5
80002020:	0007a703          	lw	a4,0(a5)
80002024:	49c00793          	li	a5,1180
80002028:	02f707b3          	mul	a5,a4,a5
8000202c:	41078713          	addi	a4,a5,1040
80002030:	8000a7b7          	lui	a5,0x8000a
80002034:	19878793          	addi	a5,a5,408 # 8000a198 <proc_set>
80002038:	00f707b3          	add	a5,a4,a5
8000203c:	00c78713          	addi	a4,a5,12
80002040:	08000613          	li	a2,128
80002044:	802007b7          	lui	a5,0x80200
80002048:	f8078593          	addi	a1,a5,-128 # 801fff80 <__heap_end+0xfff80>
8000204c:	00070513          	mv	a0,a4
80002050:	41d010ef          	jal	80003c6c <memcpy>
80002054:	342027f3          	csrr	a5,mcause
80002058:	fef42623          	sw	a5,-20(s0)
8000205c:	fec42783          	lw	a5,-20(s0)
80002060:	0007dc63          	bgez	a5,80002078 <kernel_entry+0xc4>
80002064:	fec42783          	lw	a5,-20(s0)
80002068:	3ff7f793          	andi	a5,a5,1023
8000206c:	00078513          	mv	a0,a5
80002070:	2a8000ef          	jal	80002318 <intr_entry>
80002074:	00c0006f          	j	80002080 <kernel_entry+0xcc>
80002078:	fec42503          	lw	a0,-20(s0)
8000207c:	09c000ef          	jal	80002118 <excp_entry>
80002080:	800087b7          	lui	a5,0x80008
80002084:	5747a783          	lw	a5,1396(a5) # 80008574 <core_in_kernel>
80002088:	8000a737          	lui	a4,0x8000a
8000208c:	18470713          	addi	a4,a4,388 # 8000a184 <core_to_proc_idx>
80002090:	00279793          	slli	a5,a5,0x2
80002094:	00f707b3          	add	a5,a4,a5
80002098:	0007a683          	lw	a3,0(a5)
8000209c:	8000a7b7          	lui	a5,0x8000a
800020a0:	19878713          	addi	a4,a5,408 # 8000a198 <proc_set>
800020a4:	49c00793          	li	a5,1180
800020a8:	02f687b3          	mul	a5,a3,a5
800020ac:	00f707b3          	add	a5,a4,a5
800020b0:	4187a783          	lw	a5,1048(a5)
800020b4:	34179073          	csrw	mepc,a5
800020b8:	800087b7          	lui	a5,0x80008
800020bc:	5747a783          	lw	a5,1396(a5) # 80008574 <core_in_kernel>
800020c0:	8000a737          	lui	a4,0x8000a
800020c4:	18470713          	addi	a4,a4,388 # 8000a184 <core_to_proc_idx>
800020c8:	00279793          	slli	a5,a5,0x2
800020cc:	00f707b3          	add	a5,a4,a5
800020d0:	0007a703          	lw	a4,0(a5)
800020d4:	49c00793          	li	a5,1180
800020d8:	02f707b3          	mul	a5,a4,a5
800020dc:	41078713          	addi	a4,a5,1040
800020e0:	8000a7b7          	lui	a5,0x8000a
800020e4:	19878793          	addi	a5,a5,408 # 8000a198 <proc_set>
800020e8:	00f707b3          	add	a5,a4,a5
800020ec:	00c78793          	addi	a5,a5,12
800020f0:	08000613          	li	a2,128
800020f4:	00078593          	mv	a1,a5
800020f8:	802007b7          	lui	a5,0x80200
800020fc:	f8078513          	addi	a0,a5,-128 # 801fff80 <__heap_end+0xfff80>
80002100:	36d010ef          	jal	80003c6c <memcpy>
80002104:	00000013          	nop
80002108:	01c12083          	lw	ra,28(sp)
8000210c:	01812403          	lw	s0,24(sp)
80002110:	02010113          	addi	sp,sp,32
80002114:	00008067          	ret

80002118 <excp_entry>:
excp_entry():
80002118:	fd010113          	addi	sp,sp,-48
8000211c:	02112623          	sw	ra,44(sp)
80002120:	02812423          	sw	s0,40(sp)
80002124:	03010413          	addi	s0,sp,48
80002128:	fca42e23          	sw	a0,-36(s0)
8000212c:	fdc42703          	lw	a4,-36(s0)
80002130:	00700793          	li	a5,7
80002134:	1ce7f263          	bgeu	a5,a4,800022f8 <excp_entry+0x1e0>
80002138:	fdc42703          	lw	a4,-36(s0)
8000213c:	00b00793          	li	a5,11
80002140:	1ae7ec63          	bltu	a5,a4,800022f8 <excp_entry+0x1e0>
80002144:	800087b7          	lui	a5,0x80008
80002148:	55c7a783          	lw	a5,1372(a5) # 8000855c <earth>
8000214c:	0147a783          	lw	a5,20(a5)
80002150:	80008737          	lui	a4,0x80008
80002154:	57472703          	lw	a4,1396(a4) # 80008574 <core_in_kernel>
80002158:	8000a6b7          	lui	a3,0x8000a
8000215c:	18468693          	addi	a3,a3,388 # 8000a184 <core_to_proc_idx>
80002160:	00271713          	slli	a4,a4,0x2
80002164:	00e68733          	add	a4,a3,a4
80002168:	00072603          	lw	a2,0(a4)
8000216c:	8000a737          	lui	a4,0x8000a
80002170:	19870693          	addi	a3,a4,408 # 8000a198 <proc_set>
80002174:	49c00713          	li	a4,1180
80002178:	02e60733          	mul	a4,a2,a4
8000217c:	00e68733          	add	a4,a3,a4
80002180:	00072703          	lw	a4,0(a4)
80002184:	803015b7          	lui	a1,0x80301
80002188:	00070513          	mv	a0,a4
8000218c:	000780e7          	jalr	a5
80002190:	fea42623          	sw	a0,-20(s0)
80002194:	800087b7          	lui	a5,0x80008
80002198:	5747a783          	lw	a5,1396(a5) # 80008574 <core_in_kernel>
8000219c:	8000a737          	lui	a4,0x8000a
800021a0:	18470713          	addi	a4,a4,388 # 8000a184 <core_to_proc_idx>
800021a4:	00279793          	slli	a5,a5,0x2
800021a8:	00f707b3          	add	a5,a4,a5
800021ac:	0007a703          	lw	a4,0(a5)
800021b0:	49c00793          	li	a5,1180
800021b4:	02f70733          	mul	a4,a4,a5
800021b8:	8000a7b7          	lui	a5,0x8000a
800021bc:	19878793          	addi	a5,a5,408 # 8000a198 <proc_set>
800021c0:	00f707b3          	add	a5,a4,a5
800021c4:	00478793          	addi	a5,a5,4
800021c8:	fec42703          	lw	a4,-20(s0)
800021cc:	41000613          	li	a2,1040
800021d0:	00070593          	mv	a1,a4
800021d4:	00078513          	mv	a0,a5
800021d8:	295010ef          	jal	80003c6c <memcpy>
800021dc:	800087b7          	lui	a5,0x80008
800021e0:	5747a783          	lw	a5,1396(a5) # 80008574 <core_in_kernel>
800021e4:	8000a737          	lui	a4,0x8000a
800021e8:	18470713          	addi	a4,a4,388 # 8000a184 <core_to_proc_idx>
800021ec:	00279793          	slli	a5,a5,0x2
800021f0:	00f707b3          	add	a5,a4,a5
800021f4:	0007a683          	lw	a3,0(a5)
800021f8:	8000a7b7          	lui	a5,0x8000a
800021fc:	19878713          	addi	a4,a5,408 # 8000a198 <proc_set>
80002200:	49c00793          	li	a5,1180
80002204:	02f687b3          	mul	a5,a3,a5
80002208:	00f707b3          	add	a5,a4,a5
8000220c:	4007a823          	sw	zero,1040(a5)
80002210:	800087b7          	lui	a5,0x80008
80002214:	5747a783          	lw	a5,1396(a5) # 80008574 <core_in_kernel>
80002218:	8000a737          	lui	a4,0x8000a
8000221c:	18470713          	addi	a4,a4,388 # 8000a184 <core_to_proc_idx>
80002220:	00279793          	slli	a5,a5,0x2
80002224:	00f707b3          	add	a5,a4,a5
80002228:	0007a683          	lw	a3,0(a5)
8000222c:	8000a7b7          	lui	a5,0x8000a
80002230:	19878713          	addi	a4,a5,408 # 8000a198 <proc_set>
80002234:	49c00793          	li	a5,1180
80002238:	02f687b3          	mul	a5,a3,a5
8000223c:	00f707b3          	add	a5,a4,a5
80002240:	0007a783          	lw	a5,0(a5)
80002244:	00078513          	mv	a0,a5
80002248:	7cc000ef          	jal	80002a14 <proc_set_pending>
8000224c:	800087b7          	lui	a5,0x80008
80002250:	5747a783          	lw	a5,1396(a5) # 80008574 <core_in_kernel>
80002254:	8000a737          	lui	a4,0x8000a
80002258:	18470713          	addi	a4,a4,388 # 8000a184 <core_to_proc_idx>
8000225c:	00279793          	slli	a5,a5,0x2
80002260:	00f707b3          	add	a5,a4,a5
80002264:	0007a683          	lw	a3,0(a5)
80002268:	8000a7b7          	lui	a5,0x8000a
8000226c:	19878713          	addi	a4,a5,408 # 8000a198 <proc_set>
80002270:	49c00793          	li	a5,1180
80002274:	02f687b3          	mul	a5,a3,a5
80002278:	00f707b3          	add	a5,a4,a5
8000227c:	4187a783          	lw	a5,1048(a5)
80002280:	80008737          	lui	a4,0x80008
80002284:	57472703          	lw	a4,1396(a4) # 80008574 <core_in_kernel>
80002288:	8000a6b7          	lui	a3,0x8000a
8000228c:	18468693          	addi	a3,a3,388 # 8000a184 <core_to_proc_idx>
80002290:	00271713          	slli	a4,a4,0x2
80002294:	00e68733          	add	a4,a3,a4
80002298:	00072603          	lw	a2,0(a4)
8000229c:	00478713          	addi	a4,a5,4
800022a0:	8000a7b7          	lui	a5,0x8000a
800022a4:	19878693          	addi	a3,a5,408 # 8000a198 <proc_set>
800022a8:	49c00793          	li	a5,1180
800022ac:	02f607b3          	mul	a5,a2,a5
800022b0:	00f687b3          	add	a5,a3,a5
800022b4:	40e7ac23          	sw	a4,1048(a5)
800022b8:	800087b7          	lui	a5,0x80008
800022bc:	5747a783          	lw	a5,1396(a5) # 80008574 <core_in_kernel>
800022c0:	8000a737          	lui	a4,0x8000a
800022c4:	18470713          	addi	a4,a4,388 # 8000a184 <core_to_proc_idx>
800022c8:	00279793          	slli	a5,a5,0x2
800022cc:	00f707b3          	add	a5,a4,a5
800022d0:	0007a703          	lw	a4,0(a5)
800022d4:	49c00793          	li	a5,1180
800022d8:	02f70733          	mul	a4,a4,a5
800022dc:	8000a7b7          	lui	a5,0x8000a
800022e0:	19878793          	addi	a5,a5,408 # 8000a198 <proc_set>
800022e4:	00f707b3          	add	a5,a4,a5
800022e8:	00078513          	mv	a0,a5
800022ec:	580000ef          	jal	8000286c <proc_try_syscall>
800022f0:	070000ef          	jal	80002360 <proc_yield>
800022f4:	0140006f          	j	80002308 <excp_entry+0x1f0>
800022f8:	fdc42583          	lw	a1,-36(s0)
800022fc:	800087b7          	lui	a5,0x80008
80002300:	3e078513          	addi	a0,a5,992 # 800083e0 <__modsi3+0x4498>
80002304:	020010ef          	jal	80003324 <FATAL>
80002308:	02c12083          	lw	ra,44(sp)
8000230c:	02812403          	lw	s0,40(sp)
80002310:	03010113          	addi	sp,sp,48
80002314:	00008067          	ret

80002318 <intr_entry>:
intr_entry():
80002318:	fe010113          	addi	sp,sp,-32
8000231c:	00112e23          	sw	ra,28(sp)
80002320:	00812c23          	sw	s0,24(sp)
80002324:	02010413          	addi	s0,sp,32
80002328:	fea42623          	sw	a0,-20(s0)
8000232c:	fec42703          	lw	a4,-20(s0)
80002330:	00700793          	li	a5,7
80002334:	00f70a63          	beq	a4,a5,80002348 <intr_entry+0x30>
80002338:	fec42583          	lw	a1,-20(s0)
8000233c:	800087b7          	lui	a5,0x80008
80002340:	40478513          	addi	a0,a5,1028 # 80008404 <__modsi3+0x44bc>
80002344:	7e1000ef          	jal	80003324 <FATAL>
80002348:	018000ef          	jal	80002360 <proc_yield>
8000234c:	00000013          	nop
80002350:	01c12083          	lw	ra,28(sp)
80002354:	01812403          	lw	s0,24(sp)
80002358:	02010113          	addi	sp,sp,32
8000235c:	00008067          	ret

80002360 <proc_yield>:
proc_yield():
80002360:	fe010113          	addi	sp,sp,-32
80002364:	00112e23          	sw	ra,28(sp)
80002368:	00812c23          	sw	s0,24(sp)
8000236c:	02010413          	addi	s0,sp,32
80002370:	800087b7          	lui	a5,0x80008
80002374:	5747a783          	lw	a5,1396(a5) # 80008574 <core_in_kernel>
80002378:	8000a737          	lui	a4,0x8000a
8000237c:	18470713          	addi	a4,a4,388 # 8000a184 <core_to_proc_idx>
80002380:	00279793          	slli	a5,a5,0x2
80002384:	00f707b3          	add	a5,a4,a5
80002388:	0007a683          	lw	a3,0(a5)
8000238c:	8000a7b7          	lui	a5,0x8000a
80002390:	19878713          	addi	a4,a5,408 # 8000a198 <proc_set>
80002394:	49c00793          	li	a5,1180
80002398:	02f687b3          	mul	a5,a3,a5
8000239c:	00f707b3          	add	a5,a4,a5
800023a0:	4147a703          	lw	a4,1044(a5)
800023a4:	00300793          	li	a5,3
800023a8:	04f71063          	bne	a4,a5,800023e8 <proc_yield+0x88>
800023ac:	800087b7          	lui	a5,0x80008
800023b0:	5747a783          	lw	a5,1396(a5) # 80008574 <core_in_kernel>
800023b4:	8000a737          	lui	a4,0x8000a
800023b8:	18470713          	addi	a4,a4,388 # 8000a184 <core_to_proc_idx>
800023bc:	00279793          	slli	a5,a5,0x2
800023c0:	00f707b3          	add	a5,a4,a5
800023c4:	0007a683          	lw	a3,0(a5)
800023c8:	8000a7b7          	lui	a5,0x8000a
800023cc:	19878713          	addi	a4,a5,408 # 8000a198 <proc_set>
800023d0:	49c00793          	li	a5,1180
800023d4:	02f687b3          	mul	a5,a3,a5
800023d8:	00f707b3          	add	a5,a4,a5
800023dc:	0007a783          	lw	a5,0(a5)
800023e0:	00078513          	mv	a0,a5
800023e4:	5fc000ef          	jal	800029e0 <proc_set_runnable>
800023e8:	01000793          	li	a5,16
800023ec:	fef42623          	sw	a5,-20(s0)
800023f0:	00100793          	li	a5,1
800023f4:	fef42423          	sw	a5,-24(s0)
800023f8:	0b80006f          	j	800024b0 <proc_yield+0x150>
800023fc:	800087b7          	lui	a5,0x80008
80002400:	5747a783          	lw	a5,1396(a5) # 80008574 <core_in_kernel>
80002404:	8000a737          	lui	a4,0x8000a
80002408:	18470713          	addi	a4,a4,388 # 8000a184 <core_to_proc_idx>
8000240c:	00279793          	slli	a5,a5,0x2
80002410:	00f707b3          	add	a5,a4,a5
80002414:	0007a703          	lw	a4,0(a5)
80002418:	fe842783          	lw	a5,-24(s0)
8000241c:	00f707b3          	add	a5,a4,a5
80002420:	00f7f713          	andi	a4,a5,15
80002424:	49c00793          	li	a5,1180
80002428:	02f70733          	mul	a4,a4,a5
8000242c:	8000a7b7          	lui	a5,0x8000a
80002430:	19878793          	addi	a5,a5,408 # 8000a198 <proc_set>
80002434:	00f707b3          	add	a5,a4,a5
80002438:	fef42223          	sw	a5,-28(s0)
8000243c:	fe442783          	lw	a5,-28(s0)
80002440:	4147a703          	lw	a4,1044(a5)
80002444:	00500793          	li	a5,5
80002448:	00f71663          	bne	a4,a5,80002454 <proc_yield+0xf4>
8000244c:	fe442503          	lw	a0,-28(s0)
80002450:	41c000ef          	jal	8000286c <proc_try_syscall>
80002454:	fe442783          	lw	a5,-28(s0)
80002458:	4147a703          	lw	a4,1044(a5)
8000245c:	00200793          	li	a5,2
80002460:	00f70a63          	beq	a4,a5,80002474 <proc_yield+0x114>
80002464:	fe442783          	lw	a5,-28(s0)
80002468:	4147a703          	lw	a4,1044(a5)
8000246c:	00400793          	li	a5,4
80002470:	02f71a63          	bne	a4,a5,800024a4 <proc_yield+0x144>
80002474:	800087b7          	lui	a5,0x80008
80002478:	5747a783          	lw	a5,1396(a5) # 80008574 <core_in_kernel>
8000247c:	8000a737          	lui	a4,0x8000a
80002480:	18470713          	addi	a4,a4,388 # 8000a184 <core_to_proc_idx>
80002484:	00279793          	slli	a5,a5,0x2
80002488:	00f707b3          	add	a5,a4,a5
8000248c:	0007a703          	lw	a4,0(a5)
80002490:	fe842783          	lw	a5,-24(s0)
80002494:	00f707b3          	add	a5,a4,a5
80002498:	00f7f793          	andi	a5,a5,15
8000249c:	fef42623          	sw	a5,-20(s0)
800024a0:	01c0006f          	j	800024bc <proc_yield+0x15c>
800024a4:	fe842783          	lw	a5,-24(s0)
800024a8:	00178793          	addi	a5,a5,1
800024ac:	fef42423          	sw	a5,-24(s0)
800024b0:	fe842703          	lw	a4,-24(s0)
800024b4:	01000793          	li	a5,16
800024b8:	f4e7f2e3          	bgeu	a5,a4,800023fc <proc_yield+0x9c>
800024bc:	fec42703          	lw	a4,-20(s0)
800024c0:	00f00793          	li	a5,15
800024c4:	00e7de63          	bge	a5,a4,800024e0 <proc_yield+0x180>
800024c8:	800087b7          	lui	a5,0x80008
800024cc:	5747a783          	lw	a5,1396(a5) # 80008574 <core_in_kernel>
800024d0:	00078593          	mv	a1,a5
800024d4:	800087b7          	lui	a5,0x80008
800024d8:	42878513          	addi	a0,a5,1064 # 80008428 <__modsi3+0x44e0>
800024dc:	649000ef          	jal	80003324 <FATAL>
800024e0:	800087b7          	lui	a5,0x80008
800024e4:	5747a783          	lw	a5,1396(a5) # 80008574 <core_in_kernel>
800024e8:	fec42703          	lw	a4,-20(s0)
800024ec:	8000a6b7          	lui	a3,0x8000a
800024f0:	18468693          	addi	a3,a3,388 # 8000a184 <core_to_proc_idx>
800024f4:	00279793          	slli	a5,a5,0x2
800024f8:	00f687b3          	add	a5,a3,a5
800024fc:	00e7a023          	sw	a4,0(a5)
80002500:	800087b7          	lui	a5,0x80008
80002504:	55c7a783          	lw	a5,1372(a5) # 8000855c <earth>
80002508:	0187a783          	lw	a5,24(a5)
8000250c:	80008737          	lui	a4,0x80008
80002510:	57472703          	lw	a4,1396(a4) # 80008574 <core_in_kernel>
80002514:	8000a6b7          	lui	a3,0x8000a
80002518:	18468693          	addi	a3,a3,388 # 8000a184 <core_to_proc_idx>
8000251c:	00271713          	slli	a4,a4,0x2
80002520:	00e68733          	add	a4,a3,a4
80002524:	00072603          	lw	a2,0(a4)
80002528:	8000a737          	lui	a4,0x8000a
8000252c:	19870693          	addi	a3,a4,408 # 8000a198 <proc_set>
80002530:	49c00713          	li	a4,1180
80002534:	02e60733          	mul	a4,a2,a4
80002538:	00e68733          	add	a4,a3,a4
8000253c:	00072703          	lw	a4,0(a4)
80002540:	00070513          	mv	a0,a4
80002544:	000780e7          	jalr	a5
80002548:	800087b7          	lui	a5,0x80008
8000254c:	55c7a783          	lw	a5,1372(a5) # 8000855c <earth>
80002550:	0087a783          	lw	a5,8(a5)
80002554:	000780e7          	jalr	a5
80002558:	800087b7          	lui	a5,0x80008
8000255c:	5747a783          	lw	a5,1396(a5) # 80008574 <core_in_kernel>
80002560:	8000a737          	lui	a4,0x8000a
80002564:	18470713          	addi	a4,a4,388 # 8000a184 <core_to_proc_idx>
80002568:	00279793          	slli	a5,a5,0x2
8000256c:	00f707b3          	add	a5,a4,a5
80002570:	0007a683          	lw	a3,0(a5)
80002574:	8000a7b7          	lui	a5,0x8000a
80002578:	19878713          	addi	a4,a5,408 # 8000a198 <proc_set>
8000257c:	49c00793          	li	a5,1180
80002580:	02f687b3          	mul	a5,a3,a5
80002584:	00f707b3          	add	a5,a4,a5
80002588:	4147a703          	lw	a4,1044(a5)
8000258c:	00200793          	li	a5,2
80002590:	0af71863          	bne	a4,a5,80002640 <proc_yield+0x2e0>
80002594:	800087b7          	lui	a5,0x80008
80002598:	5747a783          	lw	a5,1396(a5) # 80008574 <core_in_kernel>
8000259c:	8000a737          	lui	a4,0x8000a
800025a0:	18470713          	addi	a4,a4,388 # 8000a184 <core_to_proc_idx>
800025a4:	00279793          	slli	a5,a5,0x2
800025a8:	00f707b3          	add	a5,a4,a5
800025ac:	0007a683          	lw	a3,0(a5)
800025b0:	8000a7b7          	lui	a5,0x8000a
800025b4:	19878713          	addi	a4,a5,408 # 8000a198 <proc_set>
800025b8:	49c00793          	li	a5,1180
800025bc:	02f687b3          	mul	a5,a3,a5
800025c0:	00f707b3          	add	a5,a4,a5
800025c4:	80300737          	lui	a4,0x80300
800025c8:	40e7ae23          	sw	a4,1052(a5)
800025cc:	800087b7          	lui	a5,0x80008
800025d0:	5747a783          	lw	a5,1396(a5) # 80008574 <core_in_kernel>
800025d4:	8000a737          	lui	a4,0x8000a
800025d8:	18470713          	addi	a4,a4,388 # 8000a184 <core_to_proc_idx>
800025dc:	00279793          	slli	a5,a5,0x2
800025e0:	00f707b3          	add	a5,a4,a5
800025e4:	0007a683          	lw	a3,0(a5)
800025e8:	8000a7b7          	lui	a5,0x8000a
800025ec:	19878713          	addi	a4,a5,408 # 8000a198 <proc_set>
800025f0:	49c00793          	li	a5,1180
800025f4:	02f687b3          	mul	a5,a3,a5
800025f8:	00f707b3          	add	a5,a4,a5
800025fc:	80300737          	lui	a4,0x80300
80002600:	00470713          	addi	a4,a4,4 # 80300004 <__heap_end+0x200004>
80002604:	42e7a023          	sw	a4,1056(a5)
80002608:	800087b7          	lui	a5,0x80008
8000260c:	5747a783          	lw	a5,1396(a5) # 80008574 <core_in_kernel>
80002610:	8000a737          	lui	a4,0x8000a
80002614:	18470713          	addi	a4,a4,388 # 8000a184 <core_to_proc_idx>
80002618:	00279793          	slli	a5,a5,0x2
8000261c:	00f707b3          	add	a5,a4,a5
80002620:	0007a683          	lw	a3,0(a5)
80002624:	8000a7b7          	lui	a5,0x8000a
80002628:	19878713          	addi	a4,a5,408 # 8000a198 <proc_set>
8000262c:	49c00793          	li	a5,1180
80002630:	02f687b3          	mul	a5,a3,a5
80002634:	00f707b3          	add	a5,a4,a5
80002638:	80200737          	lui	a4,0x80200
8000263c:	40e7ac23          	sw	a4,1048(a5)
80002640:	800087b7          	lui	a5,0x80008
80002644:	5747a783          	lw	a5,1396(a5) # 80008574 <core_in_kernel>
80002648:	8000a737          	lui	a4,0x8000a
8000264c:	18470713          	addi	a4,a4,388 # 8000a184 <core_to_proc_idx>
80002650:	00279793          	slli	a5,a5,0x2
80002654:	00f707b3          	add	a5,a4,a5
80002658:	0007a683          	lw	a3,0(a5)
8000265c:	8000a7b7          	lui	a5,0x8000a
80002660:	19878713          	addi	a4,a5,408 # 8000a198 <proc_set>
80002664:	49c00793          	li	a5,1180
80002668:	02f687b3          	mul	a5,a3,a5
8000266c:	00f707b3          	add	a5,a4,a5
80002670:	0007a783          	lw	a5,0(a5)
80002674:	00078513          	mv	a0,a5
80002678:	334000ef          	jal	800029ac <proc_set_running>
8000267c:	800087b7          	lui	a5,0x80008
80002680:	55c7a783          	lw	a5,1372(a5) # 8000855c <earth>
80002684:	00c7a783          	lw	a5,12(a5)
80002688:	80008737          	lui	a4,0x80008
8000268c:	57472703          	lw	a4,1396(a4) # 80008574 <core_in_kernel>
80002690:	00070513          	mv	a0,a4
80002694:	000780e7          	jalr	a5
80002698:	00000013          	nop
8000269c:	01c12083          	lw	ra,28(sp)
800026a0:	01812403          	lw	s0,24(sp)
800026a4:	02010113          	addi	sp,sp,32
800026a8:	00008067          	ret

800026ac <proc_try_send>:
proc_try_send():
800026ac:	fd010113          	addi	sp,sp,-48
800026b0:	02112623          	sw	ra,44(sp)
800026b4:	02812423          	sw	s0,40(sp)
800026b8:	03010413          	addi	s0,sp,48
800026bc:	fca42e23          	sw	a0,-36(s0)
800026c0:	fe042623          	sw	zero,-20(s0)
800026c4:	0cc0006f          	j	80002790 <proc_try_send+0xe4>
800026c8:	fec42703          	lw	a4,-20(s0)
800026cc:	49c00793          	li	a5,1180
800026d0:	02f70733          	mul	a4,a4,a5
800026d4:	8000a7b7          	lui	a5,0x8000a
800026d8:	19878793          	addi	a5,a5,408 # 8000a198 <proc_set>
800026dc:	00f707b3          	add	a5,a4,a5
800026e0:	fef42423          	sw	a5,-24(s0)
800026e4:	fe842783          	lw	a5,-24(s0)
800026e8:	0007a703          	lw	a4,0(a5)
800026ec:	fdc42783          	lw	a5,-36(s0)
800026f0:	00c7a783          	lw	a5,12(a5)
800026f4:	08f71863          	bne	a4,a5,80002784 <proc_try_send+0xd8>
800026f8:	fe842783          	lw	a5,-24(s0)
800026fc:	4147a783          	lw	a5,1044(a5)
80002700:	08078263          	beqz	a5,80002784 <proc_try_send+0xd8>
80002704:	fe842783          	lw	a5,-24(s0)
80002708:	0047a703          	lw	a4,4(a5)
8000270c:	00100793          	li	a5,1
80002710:	0af71463          	bne	a4,a5,800027b8 <proc_try_send+0x10c>
80002714:	fe842783          	lw	a5,-24(s0)
80002718:	4107a783          	lw	a5,1040(a5)
8000271c:	08079e63          	bnez	a5,800027b8 <proc_try_send+0x10c>
80002720:	fe842783          	lw	a5,-24(s0)
80002724:	0087a703          	lw	a4,8(a5)
80002728:	fff00793          	li	a5,-1
8000272c:	00f70c63          	beq	a4,a5,80002744 <proc_try_send+0x98>
80002730:	fe842783          	lw	a5,-24(s0)
80002734:	0087a703          	lw	a4,8(a5)
80002738:	fdc42783          	lw	a5,-36(s0)
8000273c:	0007a783          	lw	a5,0(a5)
80002740:	08f71063          	bne	a4,a5,800027c0 <proc_try_send+0x114>
80002744:	fe842783          	lw	a5,-24(s0)
80002748:	00100713          	li	a4,1
8000274c:	40e7a823          	sw	a4,1040(a5)
80002750:	fdc42783          	lw	a5,-36(s0)
80002754:	0007a703          	lw	a4,0(a5)
80002758:	fe842783          	lw	a5,-24(s0)
8000275c:	00e7a423          	sw	a4,8(a5)
80002760:	fe842783          	lw	a5,-24(s0)
80002764:	01078713          	addi	a4,a5,16
80002768:	fdc42783          	lw	a5,-36(s0)
8000276c:	01078793          	addi	a5,a5,16
80002770:	40000613          	li	a2,1024
80002774:	00078593          	mv	a1,a5
80002778:	00070513          	mv	a0,a4
8000277c:	4f0010ef          	jal	80003c6c <memcpy>
80002780:	0440006f          	j	800027c4 <proc_try_send+0x118>
80002784:	fec42783          	lw	a5,-20(s0)
80002788:	00178793          	addi	a5,a5,1
8000278c:	fef42623          	sw	a5,-20(s0)
80002790:	fec42703          	lw	a4,-20(s0)
80002794:	00f00793          	li	a5,15
80002798:	f2e7f8e3          	bgeu	a5,a4,800026c8 <proc_try_send+0x1c>
8000279c:	fdc42783          	lw	a5,-36(s0)
800027a0:	00c7a783          	lw	a5,12(a5)
800027a4:	00078593          	mv	a1,a5
800027a8:	800087b7          	lui	a5,0x80008
800027ac:	45478513          	addi	a0,a5,1108 # 80008454 <__modsi3+0x450c>
800027b0:	375000ef          	jal	80003324 <FATAL>
800027b4:	0100006f          	j	800027c4 <proc_try_send+0x118>
800027b8:	00000013          	nop
800027bc:	0080006f          	j	800027c4 <proc_try_send+0x118>
800027c0:	00000013          	nop
800027c4:	02c12083          	lw	ra,44(sp)
800027c8:	02812403          	lw	s0,40(sp)
800027cc:	03010113          	addi	sp,sp,48
800027d0:	00008067          	ret

800027d4 <proc_try_recv>:
proc_try_recv():
800027d4:	fd010113          	addi	sp,sp,-48
800027d8:	02112623          	sw	ra,44(sp)
800027dc:	02812423          	sw	s0,40(sp)
800027e0:	03010413          	addi	s0,sp,48
800027e4:	fca42e23          	sw	a0,-36(s0)
800027e8:	fdc42783          	lw	a5,-36(s0)
800027ec:	4107a783          	lw	a5,1040(a5)
800027f0:	06078463          	beqz	a5,80002858 <proc_try_recv+0x84>
800027f4:	800087b7          	lui	a5,0x80008
800027f8:	55c7a783          	lw	a5,1372(a5) # 8000855c <earth>
800027fc:	0147a783          	lw	a5,20(a5)
80002800:	fdc42703          	lw	a4,-36(s0)
80002804:	00072703          	lw	a4,0(a4)
80002808:	803015b7          	lui	a1,0x80301
8000280c:	00070513          	mv	a0,a4
80002810:	000780e7          	jalr	a5
80002814:	fea42623          	sw	a0,-20(s0)
80002818:	fec42703          	lw	a4,-20(s0)
8000281c:	fdc42783          	lw	a5,-36(s0)
80002820:	00478793          	addi	a5,a5,4
80002824:	41000613          	li	a2,1040
80002828:	00078593          	mv	a1,a5
8000282c:	00070513          	mv	a0,a4
80002830:	43c010ef          	jal	80003c6c <memcpy>
80002834:	fdc42783          	lw	a5,-36(s0)
80002838:	0007a783          	lw	a5,0(a5)
8000283c:	00078513          	mv	a0,a5
80002840:	1a0000ef          	jal	800029e0 <proc_set_runnable>
80002844:	fdc42783          	lw	a5,-36(s0)
80002848:	0087a783          	lw	a5,8(a5)
8000284c:	00078513          	mv	a0,a5
80002850:	190000ef          	jal	800029e0 <proc_set_runnable>
80002854:	0080006f          	j	8000285c <proc_try_recv+0x88>
80002858:	00000013          	nop
8000285c:	02c12083          	lw	ra,44(sp)
80002860:	02812403          	lw	s0,40(sp)
80002864:	03010113          	addi	sp,sp,48
80002868:	00008067          	ret

8000286c <proc_try_syscall>:
proc_try_syscall():
8000286c:	fe010113          	addi	sp,sp,-32
80002870:	00112e23          	sw	ra,28(sp)
80002874:	00812c23          	sw	s0,24(sp)
80002878:	02010413          	addi	s0,sp,32
8000287c:	fea42623          	sw	a0,-20(s0)
80002880:	fec42783          	lw	a5,-20(s0)
80002884:	0047a783          	lw	a5,4(a5)
80002888:	00100713          	li	a4,1
8000288c:	00e78863          	beq	a5,a4,8000289c <proc_try_syscall+0x30>
80002890:	00200713          	li	a4,2
80002894:	00e78a63          	beq	a5,a4,800028a8 <proc_try_syscall+0x3c>
80002898:	01c0006f          	j	800028b4 <proc_try_syscall+0x48>
8000289c:	fec42503          	lw	a0,-20(s0)
800028a0:	f35ff0ef          	jal	800027d4 <proc_try_recv>
800028a4:	02c0006f          	j	800028d0 <proc_try_syscall+0x64>
800028a8:	fec42503          	lw	a0,-20(s0)
800028ac:	e01ff0ef          	jal	800026ac <proc_try_send>
800028b0:	0200006f          	j	800028d0 <proc_try_syscall+0x64>
800028b4:	fec42783          	lw	a5,-20(s0)
800028b8:	0047a783          	lw	a5,4(a5)
800028bc:	00078593          	mv	a1,a5
800028c0:	800087b7          	lui	a5,0x80008
800028c4:	47c78513          	addi	a0,a5,1148 # 8000847c <__modsi3+0x4534>
800028c8:	25d000ef          	jal	80003324 <FATAL>
800028cc:	00000013          	nop
800028d0:	00000013          	nop
800028d4:	01c12083          	lw	ra,28(sp)
800028d8:	01812403          	lw	s0,24(sp)
800028dc:	02010113          	addi	sp,sp,32
800028e0:	00008067          	ret

800028e4 <proc_set_status>:
proc_set_status():
800028e4:	fd010113          	addi	sp,sp,-48
800028e8:	02112623          	sw	ra,44(sp)
800028ec:	02812423          	sw	s0,40(sp)
800028f0:	03010413          	addi	s0,sp,48
800028f4:	fca42e23          	sw	a0,-36(s0)
800028f8:	fcb42c23          	sw	a1,-40(s0)
800028fc:	fe042623          	sw	zero,-20(s0)
80002900:	0540006f          	j	80002954 <proc_set_status+0x70>
80002904:	8000a7b7          	lui	a5,0x8000a
80002908:	19878713          	addi	a4,a5,408 # 8000a198 <proc_set>
8000290c:	fec42683          	lw	a3,-20(s0)
80002910:	49c00793          	li	a5,1180
80002914:	02f687b3          	mul	a5,a3,a5
80002918:	00f707b3          	add	a5,a4,a5
8000291c:	0007a783          	lw	a5,0(a5)
80002920:	fdc42703          	lw	a4,-36(s0)
80002924:	02f71263          	bne	a4,a5,80002948 <proc_set_status+0x64>
80002928:	8000a7b7          	lui	a5,0x8000a
8000292c:	19878713          	addi	a4,a5,408 # 8000a198 <proc_set>
80002930:	fec42683          	lw	a3,-20(s0)
80002934:	49c00793          	li	a5,1180
80002938:	02f687b3          	mul	a5,a3,a5
8000293c:	00f707b3          	add	a5,a4,a5
80002940:	fd842703          	lw	a4,-40(s0)
80002944:	40e7aa23          	sw	a4,1044(a5)
80002948:	fec42783          	lw	a5,-20(s0)
8000294c:	00178793          	addi	a5,a5,1
80002950:	fef42623          	sw	a5,-20(s0)
80002954:	fec42703          	lw	a4,-20(s0)
80002958:	00f00793          	li	a5,15
8000295c:	fae7f4e3          	bgeu	a5,a4,80002904 <proc_set_status+0x20>
80002960:	00000013          	nop
80002964:	00000013          	nop
80002968:	02c12083          	lw	ra,44(sp)
8000296c:	02812403          	lw	s0,40(sp)
80002970:	03010113          	addi	sp,sp,48
80002974:	00008067          	ret

80002978 <proc_set_ready>:
proc_set_ready():
80002978:	fe010113          	addi	sp,sp,-32
8000297c:	00112e23          	sw	ra,28(sp)
80002980:	00812c23          	sw	s0,24(sp)
80002984:	02010413          	addi	s0,sp,32
80002988:	fea42623          	sw	a0,-20(s0)
8000298c:	00200593          	li	a1,2
80002990:	fec42503          	lw	a0,-20(s0)
80002994:	f51ff0ef          	jal	800028e4 <proc_set_status>
80002998:	00000013          	nop
8000299c:	01c12083          	lw	ra,28(sp)
800029a0:	01812403          	lw	s0,24(sp)
800029a4:	02010113          	addi	sp,sp,32
800029a8:	00008067          	ret

800029ac <proc_set_running>:
proc_set_running():
800029ac:	fe010113          	addi	sp,sp,-32
800029b0:	00112e23          	sw	ra,28(sp)
800029b4:	00812c23          	sw	s0,24(sp)
800029b8:	02010413          	addi	s0,sp,32
800029bc:	fea42623          	sw	a0,-20(s0)
800029c0:	00300593          	li	a1,3
800029c4:	fec42503          	lw	a0,-20(s0)
800029c8:	f1dff0ef          	jal	800028e4 <proc_set_status>
800029cc:	00000013          	nop
800029d0:	01c12083          	lw	ra,28(sp)
800029d4:	01812403          	lw	s0,24(sp)
800029d8:	02010113          	addi	sp,sp,32
800029dc:	00008067          	ret

800029e0 <proc_set_runnable>:
proc_set_runnable():
800029e0:	fe010113          	addi	sp,sp,-32
800029e4:	00112e23          	sw	ra,28(sp)
800029e8:	00812c23          	sw	s0,24(sp)
800029ec:	02010413          	addi	s0,sp,32
800029f0:	fea42623          	sw	a0,-20(s0)
800029f4:	00400593          	li	a1,4
800029f8:	fec42503          	lw	a0,-20(s0)
800029fc:	ee9ff0ef          	jal	800028e4 <proc_set_status>
80002a00:	00000013          	nop
80002a04:	01c12083          	lw	ra,28(sp)
80002a08:	01812403          	lw	s0,24(sp)
80002a0c:	02010113          	addi	sp,sp,32
80002a10:	00008067          	ret

80002a14 <proc_set_pending>:
proc_set_pending():
80002a14:	fe010113          	addi	sp,sp,-32
80002a18:	00112e23          	sw	ra,28(sp)
80002a1c:	00812c23          	sw	s0,24(sp)
80002a20:	02010413          	addi	s0,sp,32
80002a24:	fea42623          	sw	a0,-20(s0)
80002a28:	00500593          	li	a1,5
80002a2c:	fec42503          	lw	a0,-20(s0)
80002a30:	eb5ff0ef          	jal	800028e4 <proc_set_status>
80002a34:	00000013          	nop
80002a38:	01c12083          	lw	ra,28(sp)
80002a3c:	01812403          	lw	s0,24(sp)
80002a40:	02010113          	addi	sp,sp,32
80002a44:	00008067          	ret

80002a48 <proc_alloc>:
proc_alloc():
80002a48:	fe010113          	addi	sp,sp,-32
80002a4c:	00112e23          	sw	ra,28(sp)
80002a50:	00812c23          	sw	s0,24(sp)
80002a54:	02010413          	addi	s0,sp,32
80002a58:	fe042623          	sw	zero,-20(s0)
80002a5c:	0980006f          	j	80002af4 <proc_alloc+0xac>
80002a60:	8000a7b7          	lui	a5,0x8000a
80002a64:	19878713          	addi	a4,a5,408 # 8000a198 <proc_set>
80002a68:	fec42683          	lw	a3,-20(s0)
80002a6c:	49c00793          	li	a5,1180
80002a70:	02f687b3          	mul	a5,a3,a5
80002a74:	00f707b3          	add	a5,a4,a5
80002a78:	4147a783          	lw	a5,1044(a5)
80002a7c:	06079663          	bnez	a5,80002ae8 <proc_alloc+0xa0>
80002a80:	800087b7          	lui	a5,0x80008
80002a84:	5787a783          	lw	a5,1400(a5) # 80008578 <curr_pid.1>
80002a88:	00178713          	addi	a4,a5,1
80002a8c:	800087b7          	lui	a5,0x80008
80002a90:	56e7ac23          	sw	a4,1400(a5) # 80008578 <curr_pid.1>
80002a94:	800087b7          	lui	a5,0x80008
80002a98:	5787a783          	lw	a5,1400(a5) # 80008578 <curr_pid.1>
80002a9c:	00078613          	mv	a2,a5
80002aa0:	8000a7b7          	lui	a5,0x8000a
80002aa4:	19878713          	addi	a4,a5,408 # 8000a198 <proc_set>
80002aa8:	fec42683          	lw	a3,-20(s0)
80002aac:	49c00793          	li	a5,1180
80002ab0:	02f687b3          	mul	a5,a3,a5
80002ab4:	00f707b3          	add	a5,a4,a5
80002ab8:	00c7a023          	sw	a2,0(a5)
80002abc:	8000a7b7          	lui	a5,0x8000a
80002ac0:	19878713          	addi	a4,a5,408 # 8000a198 <proc_set>
80002ac4:	fec42683          	lw	a3,-20(s0)
80002ac8:	49c00793          	li	a5,1180
80002acc:	02f687b3          	mul	a5,a3,a5
80002ad0:	00f707b3          	add	a5,a4,a5
80002ad4:	00100713          	li	a4,1
80002ad8:	40e7aa23          	sw	a4,1044(a5)
80002adc:	800087b7          	lui	a5,0x80008
80002ae0:	5787a783          	lw	a5,1400(a5) # 80008578 <curr_pid.1>
80002ae4:	02c0006f          	j	80002b10 <proc_alloc+0xc8>
80002ae8:	fec42783          	lw	a5,-20(s0)
80002aec:	00178793          	addi	a5,a5,1
80002af0:	fef42623          	sw	a5,-20(s0)
80002af4:	fec42703          	lw	a4,-20(s0)
80002af8:	00f00793          	li	a5,15
80002afc:	f6e7f2e3          	bgeu	a5,a4,80002a60 <proc_alloc+0x18>
80002b00:	01000593          	li	a1,16
80002b04:	800087b7          	lui	a5,0x80008
80002b08:	4a878513          	addi	a0,a5,1192 # 800084a8 <__modsi3+0x4560>
80002b0c:	019000ef          	jal	80003324 <FATAL>
80002b10:	00078513          	mv	a0,a5
80002b14:	01c12083          	lw	ra,28(sp)
80002b18:	01812403          	lw	s0,24(sp)
80002b1c:	02010113          	addi	sp,sp,32
80002b20:	00008067          	ret

80002b24 <proc_free>:
proc_free():
80002b24:	fd010113          	addi	sp,sp,-48
80002b28:	02112623          	sw	ra,44(sp)
80002b2c:	02812423          	sw	s0,40(sp)
80002b30:	03010413          	addi	s0,sp,48
80002b34:	fca42e23          	sw	a0,-36(s0)
80002b38:	fdc42703          	lw	a4,-36(s0)
80002b3c:	fff00793          	li	a5,-1
80002b40:	02f70463          	beq	a4,a5,80002b68 <proc_free+0x44>
80002b44:	800087b7          	lui	a5,0x80008
80002b48:	55c7a783          	lw	a5,1372(a5) # 8000855c <earth>
80002b4c:	0047a783          	lw	a5,4(a5)
80002b50:	fdc42503          	lw	a0,-36(s0)
80002b54:	000780e7          	jalr	a5
80002b58:	00000593          	li	a1,0
80002b5c:	fdc42503          	lw	a0,-36(s0)
80002b60:	d85ff0ef          	jal	800028e4 <proc_set_status>
80002b64:	0b40006f          	j	80002c18 <proc_free+0xf4>
80002b68:	fe042623          	sw	zero,-20(s0)
80002b6c:	0a00006f          	j	80002c0c <proc_free+0xe8>
80002b70:	8000a7b7          	lui	a5,0x8000a
80002b74:	19878713          	addi	a4,a5,408 # 8000a198 <proc_set>
80002b78:	fec42683          	lw	a3,-20(s0)
80002b7c:	49c00793          	li	a5,1180
80002b80:	02f687b3          	mul	a5,a3,a5
80002b84:	00f707b3          	add	a5,a4,a5
80002b88:	0007a703          	lw	a4,0(a5)
80002b8c:	00400793          	li	a5,4
80002b90:	06e7d863          	bge	a5,a4,80002c00 <proc_free+0xdc>
80002b94:	8000a7b7          	lui	a5,0x8000a
80002b98:	19878713          	addi	a4,a5,408 # 8000a198 <proc_set>
80002b9c:	fec42683          	lw	a3,-20(s0)
80002ba0:	49c00793          	li	a5,1180
80002ba4:	02f687b3          	mul	a5,a3,a5
80002ba8:	00f707b3          	add	a5,a4,a5
80002bac:	4147a783          	lw	a5,1044(a5)
80002bb0:	04078863          	beqz	a5,80002c00 <proc_free+0xdc>
80002bb4:	800087b7          	lui	a5,0x80008
80002bb8:	55c7a783          	lw	a5,1372(a5) # 8000855c <earth>
80002bbc:	0047a783          	lw	a5,4(a5)
80002bc0:	8000a737          	lui	a4,0x8000a
80002bc4:	19870693          	addi	a3,a4,408 # 8000a198 <proc_set>
80002bc8:	fec42603          	lw	a2,-20(s0)
80002bcc:	49c00713          	li	a4,1180
80002bd0:	02e60733          	mul	a4,a2,a4
80002bd4:	00e68733          	add	a4,a3,a4
80002bd8:	00072703          	lw	a4,0(a4)
80002bdc:	00070513          	mv	a0,a4
80002be0:	000780e7          	jalr	a5
80002be4:	8000a7b7          	lui	a5,0x8000a
80002be8:	19878713          	addi	a4,a5,408 # 8000a198 <proc_set>
80002bec:	fec42683          	lw	a3,-20(s0)
80002bf0:	49c00793          	li	a5,1180
80002bf4:	02f687b3          	mul	a5,a3,a5
80002bf8:	00f707b3          	add	a5,a4,a5
80002bfc:	4007aa23          	sw	zero,1044(a5)
80002c00:	fec42783          	lw	a5,-20(s0)
80002c04:	00178793          	addi	a5,a5,1
80002c08:	fef42623          	sw	a5,-20(s0)
80002c0c:	fec42703          	lw	a4,-20(s0)
80002c10:	00f00793          	li	a5,15
80002c14:	f4e7fee3          	bgeu	a5,a4,80002b70 <proc_free+0x4c>
80002c18:	00000013          	nop
80002c1c:	02c12083          	lw	ra,44(sp)
80002c20:	02812403          	lw	s0,40(sp)
80002c24:	03010113          	addi	sp,sp,48
80002c28:	00008067          	ret

80002c2c <elf_load>:
elf_load():
80002c2c:	b9010113          	addi	sp,sp,-1136
80002c30:	46112623          	sw	ra,1132(sp)
80002c34:	46812423          	sw	s0,1128(sp)
80002c38:	47010413          	addi	s0,sp,1136
80002c3c:	b8a42e23          	sw	a0,-1124(s0)
80002c40:	b8b42c23          	sw	a1,-1128(s0)
80002c44:	b8c42a23          	sw	a2,-1132(s0)
80002c48:	b8d42823          	sw	a3,-1136(s0)
80002c4c:	da440713          	addi	a4,s0,-604
80002c50:	b9842783          	lw	a5,-1128(s0)
80002c54:	00070593          	mv	a1,a4
80002c58:	00000513          	li	a0,0
80002c5c:	000780e7          	jalr	a5
80002c60:	da440793          	addi	a5,s0,-604
80002c64:	fcf42823          	sw	a5,-48(s0)
80002c68:	fd042783          	lw	a5,-48(s0)
80002c6c:	01c7a783          	lw	a5,28(a5)
80002c70:	da440713          	addi	a4,s0,-604
80002c74:	00f707b3          	add	a5,a4,a5
80002c78:	fcf42623          	sw	a5,-52(s0)
80002c7c:	fe042623          	sw	zero,-20(s0)
80002c80:	2400006f          	j	80002ec0 <elf_load+0x294>
80002c84:	fec42783          	lw	a5,-20(s0)
80002c88:	00579793          	slli	a5,a5,0x5
80002c8c:	fcc42703          	lw	a4,-52(s0)
80002c90:	00f707b3          	add	a5,a4,a5
80002c94:	0087a783          	lw	a5,8(a5)
80002c98:	faf42c23          	sw	a5,-72(s0)
80002c9c:	fb842783          	lw	a5,-72(s0)
80002ca0:	2007d863          	bgez	a5,80002eb0 <elf_load+0x284>
80002ca4:	fec42783          	lw	a5,-20(s0)
80002ca8:	00579793          	slli	a5,a5,0x5
80002cac:	fcc42703          	lw	a4,-52(s0)
80002cb0:	00f707b3          	add	a5,a4,a5
80002cb4:	0147a783          	lw	a5,20(a5)
80002cb8:	faf42a23          	sw	a5,-76(s0)
80002cbc:	fec42783          	lw	a5,-20(s0)
80002cc0:	00579793          	slli	a5,a5,0x5
80002cc4:	fcc42703          	lw	a4,-52(s0)
80002cc8:	00f707b3          	add	a5,a4,a5
80002ccc:	0107a783          	lw	a5,16(a5)
80002cd0:	faf42823          	sw	a5,-80(s0)
80002cd4:	fb842783          	lw	a5,-72(s0)
80002cd8:	00c7d793          	srli	a5,a5,0xc
80002cdc:	fef42423          	sw	a5,-24(s0)
80002ce0:	fb842703          	lw	a4,-72(s0)
80002ce4:	fb442783          	lw	a5,-76(s0)
80002ce8:	00f707b3          	add	a5,a4,a5
80002cec:	00c7d793          	srli	a5,a5,0xc
80002cf0:	faf42623          	sw	a5,-84(s0)
80002cf4:	fec42783          	lw	a5,-20(s0)
80002cf8:	00579793          	slli	a5,a5,0x5
80002cfc:	fcc42703          	lw	a4,-52(s0)
80002d00:	00f707b3          	add	a5,a4,a5
80002d04:	0047a783          	lw	a5,4(a5)
80002d08:	0097d793          	srli	a5,a5,0x9
80002d0c:	fef42223          	sw	a5,-28(s0)
80002d10:	fc042e23          	sw	zero,-36(s0)
80002d14:	1000006f          	j	80002e14 <elf_load+0x1e8>
80002d18:	fdc42703          	lw	a4,-36(s0)
80002d1c:	000017b7          	lui	a5,0x1
80002d20:	fff78793          	addi	a5,a5,-1 # fff <boot_loader-0x7ffff001>
80002d24:	00f777b3          	and	a5,a4,a5
80002d28:	06079063          	bnez	a5,80002d88 <elf_load+0x15c>
80002d2c:	800087b7          	lui	a5,0x80008
80002d30:	55c7a783          	lw	a5,1372(a5) # 8000855c <earth>
80002d34:	0007a783          	lw	a5,0(a5)
80002d38:	000780e7          	jalr	a5
80002d3c:	fea42023          	sw	a0,-32(s0)
80002d40:	800087b7          	lui	a5,0x80008
80002d44:	55c7a783          	lw	a5,1372(a5) # 8000855c <earth>
80002d48:	0107a703          	lw	a4,16(a5)
80002d4c:	fe842783          	lw	a5,-24(s0)
80002d50:	00178693          	addi	a3,a5,1
80002d54:	fed42423          	sw	a3,-24(s0)
80002d58:	fe042603          	lw	a2,-32(s0)
80002d5c:	00078593          	mv	a1,a5
80002d60:	b9c42503          	lw	a0,-1124(s0)
80002d64:	000700e7          	jalr	a4
80002d68:	fe042783          	lw	a5,-32(s0)
80002d6c:	00c79713          	slli	a4,a5,0xc
80002d70:	804007b7          	lui	a5,0x80400
80002d74:	00f707b3          	add	a5,a4,a5
80002d78:	00001637          	lui	a2,0x1
80002d7c:	00000593          	li	a1,0
80002d80:	00078513          	mv	a0,a5
80002d84:	60d000ef          	jal	80003b90 <memset>
80002d88:	fdc42783          	lw	a5,-36(s0)
80002d8c:	20078793          	addi	a5,a5,512 # 80400200 <__heap_end+0x300200>
80002d90:	fb042703          	lw	a4,-80(s0)
80002d94:	00e7ea63          	bltu	a5,a4,80002da8 <elf_load+0x17c>
80002d98:	fb042703          	lw	a4,-80(s0)
80002d9c:	fdc42783          	lw	a5,-36(s0)
80002da0:	40f707b3          	sub	a5,a4,a5
80002da4:	0080006f          	j	80002dac <elf_load+0x180>
80002da8:	20000793          	li	a5,512
80002dac:	faf42223          	sw	a5,-92(s0)
80002db0:	fe442783          	lw	a5,-28(s0)
80002db4:	00178713          	addi	a4,a5,1
80002db8:	fee42223          	sw	a4,-28(s0)
80002dbc:	ba440693          	addi	a3,s0,-1116
80002dc0:	b9842703          	lw	a4,-1128(s0)
80002dc4:	00068593          	mv	a1,a3
80002dc8:	00078513          	mv	a0,a5
80002dcc:	000700e7          	jalr	a4
80002dd0:	fe042783          	lw	a5,-32(s0)
80002dd4:	00c79713          	slli	a4,a5,0xc
80002dd8:	fdc42683          	lw	a3,-36(s0)
80002ddc:	000017b7          	lui	a5,0x1
80002de0:	fff78793          	addi	a5,a5,-1 # fff <boot_loader-0x7ffff001>
80002de4:	00f6f7b3          	and	a5,a3,a5
80002de8:	00f70733          	add	a4,a4,a5
80002dec:	804007b7          	lui	a5,0x80400
80002df0:	00f707b3          	add	a5,a4,a5
80002df4:	ba440713          	addi	a4,s0,-1116
80002df8:	fa442603          	lw	a2,-92(s0)
80002dfc:	00070593          	mv	a1,a4
80002e00:	00078513          	mv	a0,a5
80002e04:	669000ef          	jal	80003c6c <memcpy>
80002e08:	fdc42783          	lw	a5,-36(s0)
80002e0c:	20078793          	addi	a5,a5,512 # 80400200 <__heap_end+0x300200>
80002e10:	fcf42e23          	sw	a5,-36(s0)
80002e14:	fdc42703          	lw	a4,-36(s0)
80002e18:	fb042783          	lw	a5,-80(s0)
80002e1c:	eef76ee3          	bltu	a4,a5,80002d18 <elf_load+0xec>
80002e20:	0600006f          	j	80002e80 <elf_load+0x254>
80002e24:	800087b7          	lui	a5,0x80008
80002e28:	55c7a783          	lw	a5,1372(a5) # 8000855c <earth>
80002e2c:	0007a783          	lw	a5,0(a5)
80002e30:	000780e7          	jalr	a5
80002e34:	faa42423          	sw	a0,-88(s0)
80002e38:	800087b7          	lui	a5,0x80008
80002e3c:	55c7a783          	lw	a5,1372(a5) # 8000855c <earth>
80002e40:	0107a703          	lw	a4,16(a5)
80002e44:	fe842783          	lw	a5,-24(s0)
80002e48:	00178693          	addi	a3,a5,1
80002e4c:	fed42423          	sw	a3,-24(s0)
80002e50:	fa842603          	lw	a2,-88(s0)
80002e54:	00078593          	mv	a1,a5
80002e58:	b9c42503          	lw	a0,-1124(s0)
80002e5c:	000700e7          	jalr	a4
80002e60:	fa842783          	lw	a5,-88(s0)
80002e64:	00c79713          	slli	a4,a5,0xc
80002e68:	804007b7          	lui	a5,0x80400
80002e6c:	00f707b3          	add	a5,a4,a5
80002e70:	00001637          	lui	a2,0x1
80002e74:	00000593          	li	a1,0
80002e78:	00078513          	mv	a0,a5
80002e7c:	515000ef          	jal	80003b90 <memset>
80002e80:	fe842703          	lw	a4,-24(s0)
80002e84:	fac42783          	lw	a5,-84(s0)
80002e88:	f8f76ee3          	bltu	a4,a5,80002e24 <elf_load+0x1f8>
80002e8c:	b9c42703          	lw	a4,-1124(s0)
80002e90:	00400793          	li	a5,4
80002e94:	02e7c063          	blt	a5,a4,80002eb4 <elf_load+0x288>
80002e98:	fb842603          	lw	a2,-72(s0)
80002e9c:	fb042583          	lw	a1,-80(s0)
80002ea0:	800087b7          	lui	a5,0x80008
80002ea4:	4d478513          	addi	a0,a5,1236 # 800084d4 <__modsi3+0x458c>
80002ea8:	398000ef          	jal	80003240 <INFO>
80002eac:	0080006f          	j	80002eb4 <elf_load+0x288>
80002eb0:	00000013          	nop
80002eb4:	fec42783          	lw	a5,-20(s0)
80002eb8:	00178793          	addi	a5,a5,1
80002ebc:	fef42623          	sw	a5,-20(s0)
80002ec0:	fd042783          	lw	a5,-48(s0)
80002ec4:	02c7d783          	lhu	a5,44(a5)
80002ec8:	00078713          	mv	a4,a5
80002ecc:	fec42783          	lw	a5,-20(s0)
80002ed0:	dae7eae3          	bltu	a5,a4,80002c84 <elf_load+0x58>
80002ed4:	800087b7          	lui	a5,0x80008
80002ed8:	55c7a783          	lw	a5,1372(a5) # 8000855c <earth>
80002edc:	0007a783          	lw	a5,0(a5)
80002ee0:	000780e7          	jalr	a5
80002ee4:	fca42423          	sw	a0,-56(s0)
80002ee8:	800087b7          	lui	a5,0x80008
80002eec:	55c7a783          	lw	a5,1372(a5) # 8000855c <earth>
80002ef0:	0107a783          	lw	a5,16(a5)
80002ef4:	fc842603          	lw	a2,-56(s0)
80002ef8:	00080737          	lui	a4,0x80
80002efc:	30070593          	addi	a1,a4,768 # 80300 <boot_loader-0x7ff7fd00>
80002f00:	b9c42503          	lw	a0,-1124(s0)
80002f04:	000780e7          	jalr	a5
80002f08:	fc842783          	lw	a5,-56(s0)
80002f0c:	00c79713          	slli	a4,a5,0xc
80002f10:	804007b7          	lui	a5,0x80400
80002f14:	00f707b3          	add	a5,a4,a5
80002f18:	fcf42223          	sw	a5,-60(s0)
80002f1c:	fc442783          	lw	a5,-60(s0)
80002f20:	00478793          	addi	a5,a5,4 # 80400004 <__heap_end+0x300004>
80002f24:	fcf42023          	sw	a5,-64(s0)
80002f28:	fc042783          	lw	a5,-64(s0)
80002f2c:	04078793          	addi	a5,a5,64
80002f30:	faf42e23          	sw	a5,-68(s0)
80002f34:	fc442783          	lw	a5,-60(s0)
80002f38:	b9442703          	lw	a4,-1132(s0)
80002f3c:	00e7a023          	sw	a4,0(a5)
80002f40:	b9042783          	lw	a5,-1136(s0)
80002f44:	00078e63          	beqz	a5,80002f60 <elf_load+0x334>
80002f48:	b9442783          	lw	a5,-1132(s0)
80002f4c:	00579793          	slli	a5,a5,0x5
80002f50:	00078613          	mv	a2,a5
80002f54:	b9042583          	lw	a1,-1136(s0)
80002f58:	fbc42503          	lw	a0,-68(s0)
80002f5c:	511000ef          	jal	80003c6c <memcpy>
80002f60:	fc042c23          	sw	zero,-40(s0)
80002f64:	03c0006f          	j	80002fa0 <elf_load+0x374>
80002f68:	fd842783          	lw	a5,-40(s0)
80002f6c:	00579713          	slli	a4,a5,0x5
80002f70:	803007b7          	lui	a5,0x80300
80002f74:	04478793          	addi	a5,a5,68 # 80300044 <__heap_end+0x200044>
80002f78:	00f706b3          	add	a3,a4,a5
80002f7c:	fd842783          	lw	a5,-40(s0)
80002f80:	00279793          	slli	a5,a5,0x2
80002f84:	fc042703          	lw	a4,-64(s0)
80002f88:	00f707b3          	add	a5,a4,a5
80002f8c:	00068713          	mv	a4,a3
80002f90:	00e7a023          	sw	a4,0(a5)
80002f94:	fd842783          	lw	a5,-40(s0)
80002f98:	00178793          	addi	a5,a5,1
80002f9c:	fcf42c23          	sw	a5,-40(s0)
80002fa0:	b9442783          	lw	a5,-1132(s0)
80002fa4:	fd842703          	lw	a4,-40(s0)
80002fa8:	fcf760e3          	bltu	a4,a5,80002f68 <elf_load+0x33c>
80002fac:	800087b7          	lui	a5,0x80008
80002fb0:	55c7a783          	lw	a5,1372(a5) # 8000855c <earth>
80002fb4:	0007a783          	lw	a5,0(a5)
80002fb8:	000780e7          	jalr	a5
80002fbc:	fca42423          	sw	a0,-56(s0)
80002fc0:	800087b7          	lui	a5,0x80008
80002fc4:	55c7a783          	lw	a5,1372(a5) # 8000855c <earth>
80002fc8:	0107a783          	lw	a5,16(a5)
80002fcc:	fc842603          	lw	a2,-56(s0)
80002fd0:	00080737          	lui	a4,0x80
80002fd4:	30170593          	addi	a1,a4,769 # 80301 <boot_loader-0x7ff7fcff>
80002fd8:	b9c42503          	lw	a0,-1124(s0)
80002fdc:	000780e7          	jalr	a5
80002fe0:	00100793          	li	a5,1
80002fe4:	fcf42a23          	sw	a5,-44(s0)
80002fe8:	0500006f          	j	80003038 <elf_load+0x40c>
80002fec:	800087b7          	lui	a5,0x80008
80002ff0:	55c7a783          	lw	a5,1372(a5) # 8000855c <earth>
80002ff4:	0007a783          	lw	a5,0(a5)
80002ff8:	000780e7          	jalr	a5
80002ffc:	fca42423          	sw	a0,-56(s0)
80003000:	800087b7          	lui	a5,0x80008
80003004:	55c7a783          	lw	a5,1372(a5) # 8000855c <earth>
80003008:	0107a783          	lw	a5,16(a5)
8000300c:	00080737          	lui	a4,0x80
80003010:	40070693          	addi	a3,a4,1024 # 80400 <boot_loader-0x7ff7fc00>
80003014:	fd442703          	lw	a4,-44(s0)
80003018:	40e68733          	sub	a4,a3,a4
8000301c:	fc842603          	lw	a2,-56(s0)
80003020:	00070593          	mv	a1,a4
80003024:	b9c42503          	lw	a0,-1124(s0)
80003028:	000780e7          	jalr	a5
8000302c:	fd442783          	lw	a5,-44(s0)
80003030:	00178793          	addi	a5,a5,1
80003034:	fcf42a23          	sw	a5,-44(s0)
80003038:	fd442703          	lw	a4,-44(s0)
8000303c:	00200793          	li	a5,2
80003040:	fae7f6e3          	bgeu	a5,a4,80002fec <elf_load+0x3c0>
80003044:	00000013          	nop
80003048:	00000013          	nop
8000304c:	46c12083          	lw	ra,1132(sp)
80003050:	46812403          	lw	s0,1128(sp)
80003054:	47010113          	addi	sp,sp,1136
80003058:	00008067          	ret

8000305c <format_to_str>:
format_to_str():
8000305c:	fe010113          	addi	sp,sp,-32
80003060:	00112e23          	sw	ra,28(sp)
80003064:	00812c23          	sw	s0,24(sp)
80003068:	00912a23          	sw	s1,20(sp)
8000306c:	02010413          	addi	s0,sp,32
80003070:	fea42623          	sw	a0,-20(s0)
80003074:	feb42423          	sw	a1,-24(s0)
80003078:	fec42223          	sw	a2,-28(s0)
8000307c:	fec42783          	lw	a5,-20(s0)
80003080:	00078023          	sb	zero,0(a5)
80003084:	0fc0006f          	j	80003180 <format_to_str+0x124>
80003088:	fe842783          	lw	a5,-24(s0)
8000308c:	0007c703          	lbu	a4,0(a5)
80003090:	02500793          	li	a5,37
80003094:	00f70c63          	beq	a4,a5,800030ac <format_to_str+0x50>
80003098:	00100613          	li	a2,1
8000309c:	fe842583          	lw	a1,-24(s0)
800030a0:	fec42503          	lw	a0,-20(s0)
800030a4:	241000ef          	jal	80003ae4 <strncat>
800030a8:	0cc0006f          	j	80003174 <format_to_str+0x118>
800030ac:	fe842783          	lw	a5,-24(s0)
800030b0:	00178793          	addi	a5,a5,1
800030b4:	fef42423          	sw	a5,-24(s0)
800030b8:	fe842783          	lw	a5,-24(s0)
800030bc:	0007c703          	lbu	a4,0(a5)
800030c0:	07300793          	li	a5,115
800030c4:	02f71263          	bne	a4,a5,800030e8 <format_to_str+0x8c>
800030c8:	fe442783          	lw	a5,-28(s0)
800030cc:	00478713          	addi	a4,a5,4
800030d0:	fee42223          	sw	a4,-28(s0)
800030d4:	0007a783          	lw	a5,0(a5)
800030d8:	00078593          	mv	a1,a5
800030dc:	fec42503          	lw	a0,-20(s0)
800030e0:	165000ef          	jal	80003a44 <strcat>
800030e4:	0900006f          	j	80003174 <format_to_str+0x118>
800030e8:	fe842783          	lw	a5,-24(s0)
800030ec:	0007c703          	lbu	a4,0(a5)
800030f0:	06400793          	li	a5,100
800030f4:	02f71e63          	bne	a4,a5,80003130 <format_to_str+0xd4>
800030f8:	fe442783          	lw	a5,-28(s0)
800030fc:	00478713          	addi	a4,a5,4
80003100:	fee42223          	sw	a4,-28(s0)
80003104:	0007a483          	lw	s1,0(a5)
80003108:	fec42503          	lw	a0,-20(s0)
8000310c:	489000ef          	jal	80003d94 <strlen>
80003110:	00050713          	mv	a4,a0
80003114:	fec42783          	lw	a5,-20(s0)
80003118:	00e787b3          	add	a5,a5,a4
8000311c:	00a00613          	li	a2,10
80003120:	00078593          	mv	a1,a5
80003124:	00048513          	mv	a0,s1
80003128:	758000ef          	jal	80003880 <itoa>
8000312c:	0480006f          	j	80003174 <format_to_str+0x118>
80003130:	fe842783          	lw	a5,-24(s0)
80003134:	0007c703          	lbu	a4,0(a5)
80003138:	07800793          	li	a5,120
8000313c:	02f71c63          	bne	a4,a5,80003174 <format_to_str+0x118>
80003140:	fe442783          	lw	a5,-28(s0)
80003144:	00478713          	addi	a4,a5,4
80003148:	fee42223          	sw	a4,-28(s0)
8000314c:	0007a483          	lw	s1,0(a5)
80003150:	fec42503          	lw	a0,-20(s0)
80003154:	441000ef          	jal	80003d94 <strlen>
80003158:	00050713          	mv	a4,a0
8000315c:	fec42783          	lw	a5,-20(s0)
80003160:	00e787b3          	add	a5,a5,a4
80003164:	01000613          	li	a2,16
80003168:	00078593          	mv	a1,a5
8000316c:	00048513          	mv	a0,s1
80003170:	710000ef          	jal	80003880 <itoa>
80003174:	fe842783          	lw	a5,-24(s0)
80003178:	00178793          	addi	a5,a5,1
8000317c:	fef42423          	sw	a5,-24(s0)
80003180:	fe842783          	lw	a5,-24(s0)
80003184:	0007c783          	lbu	a5,0(a5)
80003188:	f00790e3          	bnez	a5,80003088 <format_to_str+0x2c>
8000318c:	00000013          	nop
80003190:	00000013          	nop
80003194:	01c12083          	lw	ra,28(sp)
80003198:	01812403          	lw	s0,24(sp)
8000319c:	01412483          	lw	s1,20(sp)
800031a0:	02010113          	addi	sp,sp,32
800031a4:	00008067          	ret

800031a8 <my_printf>:
my_printf():
800031a8:	db010113          	addi	sp,sp,-592
800031ac:	22112623          	sw	ra,556(sp)
800031b0:	22812423          	sw	s0,552(sp)
800031b4:	23010413          	addi	s0,sp,560
800031b8:	dca42e23          	sw	a0,-548(s0)
800031bc:	00b42223          	sw	a1,4(s0)
800031c0:	00c42423          	sw	a2,8(s0)
800031c4:	00d42623          	sw	a3,12(s0)
800031c8:	00e42823          	sw	a4,16(s0)
800031cc:	00f42a23          	sw	a5,20(s0)
800031d0:	01042c23          	sw	a6,24(s0)
800031d4:	01142e23          	sw	a7,28(s0)
800031d8:	de040823          	sb	zero,-528(s0)
800031dc:	02040793          	addi	a5,s0,32
800031e0:	dcf42c23          	sw	a5,-552(s0)
800031e4:	dd842783          	lw	a5,-552(s0)
800031e8:	fe478793          	addi	a5,a5,-28
800031ec:	def42623          	sw	a5,-532(s0)
800031f0:	dec42703          	lw	a4,-532(s0)
800031f4:	df040793          	addi	a5,s0,-528
800031f8:	00070613          	mv	a2,a4
800031fc:	ddc42583          	lw	a1,-548(s0)
80003200:	00078513          	mv	a0,a5
80003204:	e59ff0ef          	jal	8000305c <format_to_str>
80003208:	df040793          	addi	a5,s0,-528
8000320c:	00078513          	mv	a0,a5
80003210:	385000ef          	jal	80003d94 <strlen>
80003214:	00050713          	mv	a4,a0
80003218:	df040793          	addi	a5,s0,-528
8000321c:	00070593          	mv	a1,a4
80003220:	00078513          	mv	a0,a5
80003224:	4e8000ef          	jal	8000370c <term_write>
80003228:	00000013          	nop
8000322c:	00078513          	mv	a0,a5
80003230:	22c12083          	lw	ra,556(sp)
80003234:	22812403          	lw	s0,552(sp)
80003238:	25010113          	addi	sp,sp,592
8000323c:	00008067          	ret

80003240 <INFO>:
INFO():
80003240:	db010113          	addi	sp,sp,-592
80003244:	22112623          	sw	ra,556(sp)
80003248:	22812423          	sw	s0,552(sp)
8000324c:	23010413          	addi	s0,sp,560
80003250:	dca42e23          	sw	a0,-548(s0)
80003254:	00b42223          	sw	a1,4(s0)
80003258:	00c42423          	sw	a2,8(s0)
8000325c:	00d42623          	sw	a3,12(s0)
80003260:	00e42823          	sw	a4,16(s0)
80003264:	00f42a23          	sw	a5,20(s0)
80003268:	01042c23          	sw	a6,24(s0)
8000326c:	01142e23          	sw	a7,28(s0)
80003270:	df040793          	addi	a5,s0,-528
80003274:	464e5737          	lui	a4,0x464e5
80003278:	95b70713          	addi	a4,a4,-1701 # 464e495b <boot_loader-0x39b1b6a5>
8000327c:	00e7a023          	sw	a4,0(a5)
80003280:	00206737          	lui	a4,0x206
80003284:	d4f70713          	addi	a4,a4,-689 # 205d4f <boot_loader-0x7fdfa2b1>
80003288:	00e7a223          	sw	a4,4(a5)
8000328c:	02040793          	addi	a5,s0,32
80003290:	dcf42c23          	sw	a5,-552(s0)
80003294:	dd842783          	lw	a5,-552(s0)
80003298:	fe478793          	addi	a5,a5,-28
8000329c:	def42623          	sw	a5,-532(s0)
800032a0:	df040793          	addi	a5,s0,-528
800032a4:	00778793          	addi	a5,a5,7
800032a8:	dec42703          	lw	a4,-532(s0)
800032ac:	00070613          	mv	a2,a4
800032b0:	ddc42583          	lw	a1,-548(s0)
800032b4:	00078513          	mv	a0,a5
800032b8:	da5ff0ef          	jal	8000305c <format_to_str>
800032bc:	df040793          	addi	a5,s0,-528
800032c0:	00078513          	mv	a0,a5
800032c4:	2d1000ef          	jal	80003d94 <strlen>
800032c8:	00050793          	mv	a5,a0
800032cc:	00078713          	mv	a4,a5
800032d0:	df040793          	addi	a5,s0,-528
800032d4:	00e787b3          	add	a5,a5,a4
800032d8:	00a00713          	li	a4,10
800032dc:	00e78023          	sb	a4,0(a5)
800032e0:	00d00713          	li	a4,13
800032e4:	00e780a3          	sb	a4,1(a5)
800032e8:	00078123          	sb	zero,2(a5)
800032ec:	df040793          	addi	a5,s0,-528
800032f0:	00078513          	mv	a0,a5
800032f4:	2a1000ef          	jal	80003d94 <strlen>
800032f8:	00050713          	mv	a4,a0
800032fc:	df040793          	addi	a5,s0,-528
80003300:	00070593          	mv	a1,a4
80003304:	00078513          	mv	a0,a5
80003308:	404000ef          	jal	8000370c <term_write>
8000330c:	00000013          	nop
80003310:	00078513          	mv	a0,a5
80003314:	22c12083          	lw	ra,556(sp)
80003318:	22812403          	lw	s0,552(sp)
8000331c:	25010113          	addi	sp,sp,592
80003320:	00008067          	ret

80003324 <FATAL>:
FATAL():
80003324:	db010113          	addi	sp,sp,-592
80003328:	22112623          	sw	ra,556(sp)
8000332c:	22812423          	sw	s0,552(sp)
80003330:	23010413          	addi	s0,sp,560
80003334:	dca42e23          	sw	a0,-548(s0)
80003338:	00b42223          	sw	a1,4(s0)
8000333c:	00c42423          	sw	a2,8(s0)
80003340:	00d42623          	sw	a3,12(s0)
80003344:	00e42823          	sw	a4,16(s0)
80003348:	00f42a23          	sw	a5,20(s0)
8000334c:	01042c23          	sw	a6,24(s0)
80003350:	01142e23          	sw	a7,28(s0)
80003354:	df040793          	addi	a5,s0,-528
80003358:	80008737          	lui	a4,0x80008
8000335c:	4ec70713          	addi	a4,a4,1260 # 800084ec <__modsi3+0x45a4>
80003360:	00072583          	lw	a1,0(a4)
80003364:	00472603          	lw	a2,4(a4)
80003368:	00872683          	lw	a3,8(a4)
8000336c:	00c72703          	lw	a4,12(a4)
80003370:	00b7a023          	sw	a1,0(a5)
80003374:	00c7a223          	sw	a2,4(a5)
80003378:	00d7a423          	sw	a3,8(a5)
8000337c:	00e7a623          	sw	a4,12(a5)
80003380:	02040793          	addi	a5,s0,32
80003384:	dcf42c23          	sw	a5,-552(s0)
80003388:	dd842783          	lw	a5,-552(s0)
8000338c:	fe478793          	addi	a5,a5,-28
80003390:	def42623          	sw	a5,-532(s0)
80003394:	df040793          	addi	a5,s0,-528
80003398:	00f78793          	addi	a5,a5,15
8000339c:	dec42703          	lw	a4,-532(s0)
800033a0:	00070613          	mv	a2,a4
800033a4:	ddc42583          	lw	a1,-548(s0)
800033a8:	00078513          	mv	a0,a5
800033ac:	cb1ff0ef          	jal	8000305c <format_to_str>
800033b0:	df040793          	addi	a5,s0,-528
800033b4:	00078513          	mv	a0,a5
800033b8:	1dd000ef          	jal	80003d94 <strlen>
800033bc:	00050793          	mv	a5,a0
800033c0:	00078713          	mv	a4,a5
800033c4:	df040793          	addi	a5,s0,-528
800033c8:	00e787b3          	add	a5,a5,a4
800033cc:	80008737          	lui	a4,0x80008
800033d0:	4fc70713          	addi	a4,a4,1276 # 800084fc <__modsi3+0x45b4>
800033d4:	00074683          	lbu	a3,0(a4)
800033d8:	00068e13          	mv	t3,a3
800033dc:	00174683          	lbu	a3,1(a4)
800033e0:	00068313          	mv	t1,a3
800033e4:	00274683          	lbu	a3,2(a4)
800033e8:	00068893          	mv	a7,a3
800033ec:	00374683          	lbu	a3,3(a4)
800033f0:	00068813          	mv	a6,a3
800033f4:	00474683          	lbu	a3,4(a4)
800033f8:	00068513          	mv	a0,a3
800033fc:	00574683          	lbu	a3,5(a4)
80003400:	00068593          	mv	a1,a3
80003404:	00674683          	lbu	a3,6(a4)
80003408:	00068613          	mv	a2,a3
8000340c:	00774683          	lbu	a3,7(a4)
80003410:	00874703          	lbu	a4,8(a4)
80003414:	01c78023          	sb	t3,0(a5)
80003418:	006780a3          	sb	t1,1(a5)
8000341c:	01178123          	sb	a7,2(a5)
80003420:	010781a3          	sb	a6,3(a5)
80003424:	00a78223          	sb	a0,4(a5)
80003428:	00b782a3          	sb	a1,5(a5)
8000342c:	00c78323          	sb	a2,6(a5)
80003430:	00d783a3          	sb	a3,7(a5)
80003434:	00e78423          	sb	a4,8(a5)
80003438:	df040793          	addi	a5,s0,-528
8000343c:	00078513          	mv	a0,a5
80003440:	155000ef          	jal	80003d94 <strlen>
80003444:	00050713          	mv	a4,a0
80003448:	df040793          	addi	a5,s0,-528
8000344c:	00070593          	mv	a1,a4
80003450:	00078513          	mv	a0,a5
80003454:	2b8000ef          	jal	8000370c <term_write>
80003458:	0000006f          	j	80003458 <FATAL+0x134>

8000345c <SUCCESS>:
SUCCESS():
8000345c:	db010113          	addi	sp,sp,-592
80003460:	22112623          	sw	ra,556(sp)
80003464:	22812423          	sw	s0,552(sp)
80003468:	23010413          	addi	s0,sp,560
8000346c:	dca42e23          	sw	a0,-548(s0)
80003470:	00b42223          	sw	a1,4(s0)
80003474:	00c42423          	sw	a2,8(s0)
80003478:	00d42623          	sw	a3,12(s0)
8000347c:	00e42823          	sw	a4,16(s0)
80003480:	00f42a23          	sw	a5,20(s0)
80003484:	01042c23          	sw	a6,24(s0)
80003488:	01142e23          	sw	a7,28(s0)
8000348c:	df040793          	addi	a5,s0,-528
80003490:	80008737          	lui	a4,0x80008
80003494:	50870713          	addi	a4,a4,1288 # 80008508 <__modsi3+0x45c0>
80003498:	00072503          	lw	a0,0(a4)
8000349c:	00472583          	lw	a1,4(a4)
800034a0:	00872603          	lw	a2,8(a4)
800034a4:	00c72683          	lw	a3,12(a4)
800034a8:	00a7a023          	sw	a0,0(a5)
800034ac:	00b7a223          	sw	a1,4(a5)
800034b0:	00c7a423          	sw	a2,8(a5)
800034b4:	00d7a623          	sw	a3,12(a5)
800034b8:	01075703          	lhu	a4,16(a4)
800034bc:	00e79823          	sh	a4,16(a5)
800034c0:	02040793          	addi	a5,s0,32
800034c4:	dcf42c23          	sw	a5,-552(s0)
800034c8:	dd842783          	lw	a5,-552(s0)
800034cc:	fe478793          	addi	a5,a5,-28
800034d0:	def42623          	sw	a5,-532(s0)
800034d4:	df040793          	addi	a5,s0,-528
800034d8:	01178793          	addi	a5,a5,17
800034dc:	dec42703          	lw	a4,-532(s0)
800034e0:	00070613          	mv	a2,a4
800034e4:	ddc42583          	lw	a1,-548(s0)
800034e8:	00078513          	mv	a0,a5
800034ec:	b71ff0ef          	jal	8000305c <format_to_str>
800034f0:	df040793          	addi	a5,s0,-528
800034f4:	00078513          	mv	a0,a5
800034f8:	09d000ef          	jal	80003d94 <strlen>
800034fc:	00050793          	mv	a5,a0
80003500:	00078713          	mv	a4,a5
80003504:	df040793          	addi	a5,s0,-528
80003508:	00e787b3          	add	a5,a5,a4
8000350c:	80008737          	lui	a4,0x80008
80003510:	4fc70713          	addi	a4,a4,1276 # 800084fc <__modsi3+0x45b4>
80003514:	00074683          	lbu	a3,0(a4)
80003518:	00068e13          	mv	t3,a3
8000351c:	00174683          	lbu	a3,1(a4)
80003520:	00068313          	mv	t1,a3
80003524:	00274683          	lbu	a3,2(a4)
80003528:	00068893          	mv	a7,a3
8000352c:	00374683          	lbu	a3,3(a4)
80003530:	00068813          	mv	a6,a3
80003534:	00474683          	lbu	a3,4(a4)
80003538:	00068513          	mv	a0,a3
8000353c:	00574683          	lbu	a3,5(a4)
80003540:	00068593          	mv	a1,a3
80003544:	00674683          	lbu	a3,6(a4)
80003548:	00068613          	mv	a2,a3
8000354c:	00774683          	lbu	a3,7(a4)
80003550:	00874703          	lbu	a4,8(a4)
80003554:	01c78023          	sb	t3,0(a5)
80003558:	006780a3          	sb	t1,1(a5)
8000355c:	01178123          	sb	a7,2(a5)
80003560:	010781a3          	sb	a6,3(a5)
80003564:	00a78223          	sb	a0,4(a5)
80003568:	00b782a3          	sb	a1,5(a5)
8000356c:	00c78323          	sb	a2,6(a5)
80003570:	00d783a3          	sb	a3,7(a5)
80003574:	00e78423          	sb	a4,8(a5)
80003578:	df040793          	addi	a5,s0,-528
8000357c:	00078513          	mv	a0,a5
80003580:	015000ef          	jal	80003d94 <strlen>
80003584:	00050713          	mv	a4,a0
80003588:	df040793          	addi	a5,s0,-528
8000358c:	00070593          	mv	a1,a4
80003590:	00078513          	mv	a0,a5
80003594:	178000ef          	jal	8000370c <term_write>
80003598:	00000013          	nop
8000359c:	00078513          	mv	a0,a5
800035a0:	22c12083          	lw	ra,556(sp)
800035a4:	22812403          	lw	s0,552(sp)
800035a8:	25010113          	addi	sp,sp,592
800035ac:	00008067          	ret

800035b0 <CRITICAL>:
CRITICAL():
800035b0:	db010113          	addi	sp,sp,-592
800035b4:	22112623          	sw	ra,556(sp)
800035b8:	22812423          	sw	s0,552(sp)
800035bc:	23010413          	addi	s0,sp,560
800035c0:	dca42e23          	sw	a0,-548(s0)
800035c4:	00b42223          	sw	a1,4(s0)
800035c8:	00c42423          	sw	a2,8(s0)
800035cc:	00d42623          	sw	a3,12(s0)
800035d0:	00e42823          	sw	a4,16(s0)
800035d4:	00f42a23          	sw	a5,20(s0)
800035d8:	01042c23          	sw	a6,24(s0)
800035dc:	01142e23          	sw	a7,28(s0)
800035e0:	df040793          	addi	a5,s0,-528
800035e4:	80008737          	lui	a4,0x80008
800035e8:	51c70713          	addi	a4,a4,1308 # 8000851c <__modsi3+0x45d4>
800035ec:	00072503          	lw	a0,0(a4)
800035f0:	00472583          	lw	a1,4(a4)
800035f4:	00872603          	lw	a2,8(a4)
800035f8:	00c72683          	lw	a3,12(a4)
800035fc:	00a7a023          	sw	a0,0(a5)
80003600:	00b7a223          	sw	a1,4(a5)
80003604:	00c7a423          	sw	a2,8(a5)
80003608:	00d7a623          	sw	a3,12(a5)
8000360c:	01075683          	lhu	a3,16(a4)
80003610:	00d79823          	sh	a3,16(a5)
80003614:	01274703          	lbu	a4,18(a4)
80003618:	00e78923          	sb	a4,18(a5)
8000361c:	02040793          	addi	a5,s0,32
80003620:	dcf42c23          	sw	a5,-552(s0)
80003624:	dd842783          	lw	a5,-552(s0)
80003628:	fe478793          	addi	a5,a5,-28
8000362c:	def42623          	sw	a5,-532(s0)
80003630:	df040793          	addi	a5,s0,-528
80003634:	01278793          	addi	a5,a5,18
80003638:	dec42703          	lw	a4,-532(s0)
8000363c:	00070613          	mv	a2,a4
80003640:	ddc42583          	lw	a1,-548(s0)
80003644:	00078513          	mv	a0,a5
80003648:	a15ff0ef          	jal	8000305c <format_to_str>
8000364c:	df040793          	addi	a5,s0,-528
80003650:	00078513          	mv	a0,a5
80003654:	740000ef          	jal	80003d94 <strlen>
80003658:	00050793          	mv	a5,a0
8000365c:	00078713          	mv	a4,a5
80003660:	df040793          	addi	a5,s0,-528
80003664:	00e787b3          	add	a5,a5,a4
80003668:	80008737          	lui	a4,0x80008
8000366c:	4fc70713          	addi	a4,a4,1276 # 800084fc <__modsi3+0x45b4>
80003670:	00074683          	lbu	a3,0(a4)
80003674:	00068e13          	mv	t3,a3
80003678:	00174683          	lbu	a3,1(a4)
8000367c:	00068313          	mv	t1,a3
80003680:	00274683          	lbu	a3,2(a4)
80003684:	00068893          	mv	a7,a3
80003688:	00374683          	lbu	a3,3(a4)
8000368c:	00068813          	mv	a6,a3
80003690:	00474683          	lbu	a3,4(a4)
80003694:	00068513          	mv	a0,a3
80003698:	00574683          	lbu	a3,5(a4)
8000369c:	00068593          	mv	a1,a3
800036a0:	00674683          	lbu	a3,6(a4)
800036a4:	00068613          	mv	a2,a3
800036a8:	00774683          	lbu	a3,7(a4)
800036ac:	00874703          	lbu	a4,8(a4)
800036b0:	01c78023          	sb	t3,0(a5)
800036b4:	006780a3          	sb	t1,1(a5)
800036b8:	01178123          	sb	a7,2(a5)
800036bc:	010781a3          	sb	a6,3(a5)
800036c0:	00a78223          	sb	a0,4(a5)
800036c4:	00b782a3          	sb	a1,5(a5)
800036c8:	00c78323          	sb	a2,6(a5)
800036cc:	00d783a3          	sb	a3,7(a5)
800036d0:	00e78423          	sb	a4,8(a5)
800036d4:	df040793          	addi	a5,s0,-528
800036d8:	00078513          	mv	a0,a5
800036dc:	6b8000ef          	jal	80003d94 <strlen>
800036e0:	00050713          	mv	a4,a0
800036e4:	df040793          	addi	a5,s0,-528
800036e8:	00070593          	mv	a1,a4
800036ec:	00078513          	mv	a0,a5
800036f0:	01c000ef          	jal	8000370c <term_write>
800036f4:	00000013          	nop
800036f8:	00078513          	mv	a0,a5
800036fc:	22c12083          	lw	ra,556(sp)
80003700:	22812403          	lw	s0,552(sp)
80003704:	25010113          	addi	sp,sp,592
80003708:	00008067          	ret

8000370c <term_write>:
term_write():
8000370c:	fd010113          	addi	sp,sp,-48
80003710:	02112623          	sw	ra,44(sp)
80003714:	02812423          	sw	s0,40(sp)
80003718:	03010413          	addi	s0,sp,48
8000371c:	fca42e23          	sw	a0,-36(s0)
80003720:	fcb42c23          	sw	a1,-40(s0)
80003724:	fe042623          	sw	zero,-20(s0)
80003728:	0340006f          	j	8000375c <term_write+0x50>
8000372c:	800087b7          	lui	a5,0x80008
80003730:	55c7a783          	lw	a5,1372(a5) # 8000855c <earth>
80003734:	0207a783          	lw	a5,32(a5)
80003738:	fdc42683          	lw	a3,-36(s0)
8000373c:	fec42703          	lw	a4,-20(s0)
80003740:	00e68733          	add	a4,a3,a4
80003744:	00074703          	lbu	a4,0(a4)
80003748:	00070513          	mv	a0,a4
8000374c:	000780e7          	jalr	a5
80003750:	fec42783          	lw	a5,-20(s0)
80003754:	00178793          	addi	a5,a5,1
80003758:	fef42623          	sw	a5,-20(s0)
8000375c:	fec42703          	lw	a4,-20(s0)
80003760:	fd842783          	lw	a5,-40(s0)
80003764:	fcf764e3          	bltu	a4,a5,8000372c <term_write+0x20>
80003768:	00000013          	nop
8000376c:	00000013          	nop
80003770:	02c12083          	lw	ra,44(sp)
80003774:	02812403          	lw	s0,40(sp)
80003778:	03010113          	addi	sp,sp,48
8000377c:	00008067          	ret

80003780 <sys_send>:
sys_send():
80003780:	fe010113          	addi	sp,sp,-32
80003784:	00112e23          	sw	ra,28(sp)
80003788:	00812c23          	sw	s0,24(sp)
8000378c:	02010413          	addi	s0,sp,32
80003790:	fea42623          	sw	a0,-20(s0)
80003794:	feb42423          	sw	a1,-24(s0)
80003798:	fec42223          	sw	a2,-28(s0)
8000379c:	800087b7          	lui	a5,0x80008
800037a0:	5647a783          	lw	a5,1380(a5) # 80008564 <sc>
800037a4:	00200713          	li	a4,2
800037a8:	00e7a023          	sw	a4,0(a5)
800037ac:	800087b7          	lui	a5,0x80008
800037b0:	5647a783          	lw	a5,1380(a5) # 80008564 <sc>
800037b4:	fec42703          	lw	a4,-20(s0)
800037b8:	00e7a423          	sw	a4,8(a5)
800037bc:	800087b7          	lui	a5,0x80008
800037c0:	5647a783          	lw	a5,1380(a5) # 80008564 <sc>
800037c4:	00c78793          	addi	a5,a5,12
800037c8:	fe442603          	lw	a2,-28(s0)
800037cc:	fe842583          	lw	a1,-24(s0)
800037d0:	00078513          	mv	a0,a5
800037d4:	498000ef          	jal	80003c6c <memcpy>
800037d8:	00000073          	ecall
800037dc:	00000013          	nop
800037e0:	01c12083          	lw	ra,28(sp)
800037e4:	01812403          	lw	s0,24(sp)
800037e8:	02010113          	addi	sp,sp,32
800037ec:	00008067          	ret

800037f0 <sys_recv>:
sys_recv():
800037f0:	fe010113          	addi	sp,sp,-32
800037f4:	00112e23          	sw	ra,28(sp)
800037f8:	00812c23          	sw	s0,24(sp)
800037fc:	02010413          	addi	s0,sp,32
80003800:	fea42623          	sw	a0,-20(s0)
80003804:	feb42423          	sw	a1,-24(s0)
80003808:	fec42223          	sw	a2,-28(s0)
8000380c:	fed42023          	sw	a3,-32(s0)
80003810:	800087b7          	lui	a5,0x80008
80003814:	5647a783          	lw	a5,1380(a5) # 80008564 <sc>
80003818:	00100713          	li	a4,1
8000381c:	00e7a023          	sw	a4,0(a5)
80003820:	800087b7          	lui	a5,0x80008
80003824:	5647a783          	lw	a5,1380(a5) # 80008564 <sc>
80003828:	fec42703          	lw	a4,-20(s0)
8000382c:	00e7a223          	sw	a4,4(a5)
80003830:	00000073          	ecall
80003834:	800087b7          	lui	a5,0x80008
80003838:	5647a783          	lw	a5,1380(a5) # 80008564 <sc>
8000383c:	00c78793          	addi	a5,a5,12
80003840:	fe042603          	lw	a2,-32(s0)
80003844:	00078593          	mv	a1,a5
80003848:	fe442503          	lw	a0,-28(s0)
8000384c:	420000ef          	jal	80003c6c <memcpy>
80003850:	fe842783          	lw	a5,-24(s0)
80003854:	00078c63          	beqz	a5,8000386c <sys_recv+0x7c>
80003858:	800087b7          	lui	a5,0x80008
8000385c:	5647a783          	lw	a5,1380(a5) # 80008564 <sc>
80003860:	0047a703          	lw	a4,4(a5)
80003864:	fe842783          	lw	a5,-24(s0)
80003868:	00e7a023          	sw	a4,0(a5)
8000386c:	00000013          	nop
80003870:	01c12083          	lw	ra,28(sp)
80003874:	01812403          	lw	s0,24(sp)
80003878:	02010113          	addi	sp,sp,32
8000387c:	00008067          	ret

80003880 <itoa>:
itoa():
80003880:	ff010113          	addi	sp,sp,-16
80003884:	00812423          	sw	s0,8(sp)
80003888:	00112623          	sw	ra,12(sp)
8000388c:	ffe60713          	addi	a4,a2,-2 # ffe <boot_loader-0x7ffff002>
80003890:	02200793          	li	a5,34
80003894:	00058413          	mv	s0,a1
80003898:	04e7e063          	bltu	a5,a4,800038d8 <itoa+0x58>
8000389c:	00a00793          	li	a5,10
800038a0:	02f60063          	beq	a2,a5,800038c0 <itoa+0x40>
800038a4:	00040593          	mv	a1,s0
800038a8:	048000ef          	jal	800038f0 <__utoa>
800038ac:	00c12083          	lw	ra,12(sp)
800038b0:	00040513          	mv	a0,s0
800038b4:	00812403          	lw	s0,8(sp)
800038b8:	01010113          	addi	sp,sp,16
800038bc:	00008067          	ret
800038c0:	fe0552e3          	bgez	a0,800038a4 <itoa+0x24>
800038c4:	02d00793          	li	a5,45
800038c8:	00f58023          	sb	a5,0(a1) # 80301000 <__heap_end+0x201000>
800038cc:	40a00533          	neg	a0,a0
800038d0:	00158593          	addi	a1,a1,1
800038d4:	fd5ff06f          	j	800038a8 <itoa+0x28>
800038d8:	00058023          	sb	zero,0(a1)
800038dc:	00c12083          	lw	ra,12(sp)
800038e0:	00812403          	lw	s0,8(sp)
800038e4:	00000513          	li	a0,0
800038e8:	01010113          	addi	sp,sp,16
800038ec:	00008067          	ret

800038f0 <__utoa>:
__utoa():
800038f0:	00005797          	auipc	a5,0x5
800038f4:	c4078793          	addi	a5,a5,-960 # 80008530 <__modsi3+0x45e8>
800038f8:	0007a283          	lw	t0,0(a5)
800038fc:	0047af83          	lw	t6,4(a5)
80003900:	0087af03          	lw	t5,8(a5)
80003904:	00c7ae83          	lw	t4,12(a5)
80003908:	0107ae03          	lw	t3,16(a5)
8000390c:	0147a303          	lw	t1,20(a5)
80003910:	0187a883          	lw	a7,24(a5)
80003914:	01c7a803          	lw	a6,28(a5)
80003918:	0207a683          	lw	a3,32(a5)
8000391c:	00005797          	auipc	a5,0x5
80003920:	c387c783          	lbu	a5,-968(a5) # 80008554 <__modsi3+0x460c>
80003924:	fb010113          	addi	sp,sp,-80
80003928:	03512a23          	sw	s5,52(sp)
8000392c:	02f10623          	sb	a5,44(sp)
80003930:	04112623          	sw	ra,76(sp)
80003934:	ffe60713          	addi	a4,a2,-2
80003938:	00512423          	sw	t0,8(sp)
8000393c:	01f12623          	sw	t6,12(sp)
80003940:	01e12823          	sw	t5,16(sp)
80003944:	01d12a23          	sw	t4,20(sp)
80003948:	01c12c23          	sw	t3,24(sp)
8000394c:	00612e23          	sw	t1,28(sp)
80003950:	03112023          	sw	a7,32(sp)
80003954:	03012223          	sw	a6,36(sp)
80003958:	02d12423          	sw	a3,40(sp)
8000395c:	02200793          	li	a5,34
80003960:	00058a93          	mv	s5,a1
80003964:	0ce7e463          	bltu	a5,a4,80003a2c <__utoa+0x13c>
80003968:	04812423          	sw	s0,72(sp)
8000396c:	04912223          	sw	s1,68(sp)
80003970:	05212023          	sw	s2,64(sp)
80003974:	03312e23          	sw	s3,60(sp)
80003978:	03412c23          	sw	s4,56(sp)
8000397c:	03612823          	sw	s6,48(sp)
80003980:	00060493          	mv	s1,a2
80003984:	00050413          	mv	s0,a0
80003988:	00000913          	li	s2,0
8000398c:	00048593          	mv	a1,s1
80003990:	00040513          	mv	a0,s0
80003994:	580000ef          	jal	80003f14 <__umodsi3>
80003998:	00250533          	add	a0,a0,sp
8000399c:	00854783          	lbu	a5,8(a0)
800039a0:	00090993          	mv	s3,s2
800039a4:	00190913          	addi	s2,s2,1
800039a8:	012a8a33          	add	s4,s5,s2
800039ac:	00040513          	mv	a0,s0
800039b0:	00048593          	mv	a1,s1
800039b4:	fefa0fa3          	sb	a5,-1(s4)
800039b8:	00040b13          	mv	s6,s0
800039bc:	510000ef          	jal	80003ecc <__hidden___udivsi3>
800039c0:	00050413          	mv	s0,a0
800039c4:	fc9b74e3          	bgeu	s6,s1,8000398c <__utoa+0x9c>
800039c8:	000a0023          	sb	zero,0(s4)
800039cc:	02098a63          	beqz	s3,80003a00 <__utoa+0x110>
800039d0:	000a8693          	mv	a3,s5
800039d4:	013a8733          	add	a4,s5,s3
800039d8:	00000793          	li	a5,0
800039dc:	00074583          	lbu	a1,0(a4)
800039e0:	0006c603          	lbu	a2,0(a3)
800039e4:	00178793          	addi	a5,a5,1
800039e8:	00b68023          	sb	a1,0(a3)
800039ec:	00c70023          	sb	a2,0(a4)
800039f0:	40f98633          	sub	a2,s3,a5
800039f4:	00168693          	addi	a3,a3,1
800039f8:	fff70713          	addi	a4,a4,-1
800039fc:	fec7c0e3          	blt	a5,a2,800039dc <__utoa+0xec>
80003a00:	04812403          	lw	s0,72(sp)
80003a04:	04c12083          	lw	ra,76(sp)
80003a08:	04412483          	lw	s1,68(sp)
80003a0c:	04012903          	lw	s2,64(sp)
80003a10:	03c12983          	lw	s3,60(sp)
80003a14:	03812a03          	lw	s4,56(sp)
80003a18:	03012b03          	lw	s6,48(sp)
80003a1c:	000a8513          	mv	a0,s5
80003a20:	03412a83          	lw	s5,52(sp)
80003a24:	05010113          	addi	sp,sp,80
80003a28:	00008067          	ret
80003a2c:	00058023          	sb	zero,0(a1)
80003a30:	04c12083          	lw	ra,76(sp)
80003a34:	03412a83          	lw	s5,52(sp)
80003a38:	00000513          	li	a0,0
80003a3c:	05010113          	addi	sp,sp,80
80003a40:	00008067          	ret

80003a44 <strcat>:
strcat():
80003a44:	ff010113          	addi	sp,sp,-16
80003a48:	00812423          	sw	s0,8(sp)
80003a4c:	00112623          	sw	ra,12(sp)
80003a50:	00357793          	andi	a5,a0,3
80003a54:	00050413          	mv	s0,a0
80003a58:	06079663          	bnez	a5,80003ac4 <strcat+0x80>
80003a5c:	00052703          	lw	a4,0(a0)
80003a60:	feff0637          	lui	a2,0xfeff0
80003a64:	eff60613          	addi	a2,a2,-257 # fefefeff <__heap_end+0x7eeefeff>
80003a68:	00c707b3          	add	a5,a4,a2
80003a6c:	808086b7          	lui	a3,0x80808
80003a70:	fff74713          	not	a4,a4
80003a74:	00e7f7b3          	and	a5,a5,a4
80003a78:	08068693          	addi	a3,a3,128 # 80808080 <__heap_end+0x708080>
80003a7c:	00d7f7b3          	and	a5,a5,a3
80003a80:	04079263          	bnez	a5,80003ac4 <strcat+0x80>
80003a84:	00452703          	lw	a4,4(a0)
80003a88:	00450513          	addi	a0,a0,4
80003a8c:	00c707b3          	add	a5,a4,a2
80003a90:	fff74713          	not	a4,a4
80003a94:	00e7f7b3          	and	a5,a5,a4
80003a98:	00d7f7b3          	and	a5,a5,a3
80003a9c:	02079463          	bnez	a5,80003ac4 <strcat+0x80>
80003aa0:	00452703          	lw	a4,4(a0)
80003aa4:	00450513          	addi	a0,a0,4
80003aa8:	00c707b3          	add	a5,a4,a2
80003aac:	fff74713          	not	a4,a4
80003ab0:	00e7f7b3          	and	a5,a5,a4
80003ab4:	00d7f7b3          	and	a5,a5,a3
80003ab8:	fc0786e3          	beqz	a5,80003a84 <strcat+0x40>
80003abc:	0080006f          	j	80003ac4 <strcat+0x80>
80003ac0:	00150513          	addi	a0,a0,1
80003ac4:	00054783          	lbu	a5,0(a0)
80003ac8:	fe079ce3          	bnez	a5,80003ac0 <strcat+0x7c>
80003acc:	354000ef          	jal	80003e20 <strcpy>
80003ad0:	00c12083          	lw	ra,12(sp)
80003ad4:	00040513          	mv	a0,s0
80003ad8:	00812403          	lw	s0,8(sp)
80003adc:	01010113          	addi	sp,sp,16
80003ae0:	00008067          	ret

80003ae4 <strncat>:
strncat():
80003ae4:	00357713          	andi	a4,a0,3
80003ae8:	00050793          	mv	a5,a0
80003aec:	06071663          	bnez	a4,80003b58 <strncat+0x74>
80003af0:	00052683          	lw	a3,0(a0)
80003af4:	feff08b7          	lui	a7,0xfeff0
80003af8:	eff88893          	addi	a7,a7,-257 # fefefeff <__heap_end+0x7eeefeff>
80003afc:	01168733          	add	a4,a3,a7
80003b00:	80808837          	lui	a6,0x80808
80003b04:	fff6c693          	not	a3,a3
80003b08:	00d77733          	and	a4,a4,a3
80003b0c:	08080813          	addi	a6,a6,128 # 80808080 <__heap_end+0x708080>
80003b10:	01077733          	and	a4,a4,a6
80003b14:	04071263          	bnez	a4,80003b58 <strncat+0x74>
80003b18:	0047a683          	lw	a3,4(a5)
80003b1c:	00478793          	addi	a5,a5,4
80003b20:	01168733          	add	a4,a3,a7
80003b24:	fff6c693          	not	a3,a3
80003b28:	00d77733          	and	a4,a4,a3
80003b2c:	01077733          	and	a4,a4,a6
80003b30:	02071463          	bnez	a4,80003b58 <strncat+0x74>
80003b34:	0047a683          	lw	a3,4(a5)
80003b38:	00478793          	addi	a5,a5,4
80003b3c:	01168733          	add	a4,a3,a7
80003b40:	fff6c693          	not	a3,a3
80003b44:	00d77733          	and	a4,a4,a3
80003b48:	01077733          	and	a4,a4,a6
80003b4c:	fc0706e3          	beqz	a4,80003b18 <strncat+0x34>
80003b50:	0080006f          	j	80003b58 <strncat+0x74>
80003b54:	00178793          	addi	a5,a5,1
80003b58:	0007c703          	lbu	a4,0(a5)
80003b5c:	fe071ce3          	bnez	a4,80003b54 <strncat+0x70>
80003b60:	00c786b3          	add	a3,a5,a2
80003b64:	02060463          	beqz	a2,80003b8c <strncat+0xa8>
80003b68:	0005c703          	lbu	a4,0(a1)
80003b6c:	00178793          	addi	a5,a5,1
80003b70:	00158593          	addi	a1,a1,1
80003b74:	fee78fa3          	sb	a4,-1(a5)
80003b78:	00070863          	beqz	a4,80003b88 <strncat+0xa4>
80003b7c:	fef696e3          	bne	a3,a5,80003b68 <strncat+0x84>
80003b80:	00068023          	sb	zero,0(a3)
80003b84:	00008067          	ret
80003b88:	00008067          	ret
80003b8c:	00008067          	ret

80003b90 <memset>:
memset():
80003b90:	00f00313          	li	t1,15
80003b94:	00050713          	mv	a4,a0
80003b98:	02c37e63          	bgeu	t1,a2,80003bd4 <memset+0x44>
80003b9c:	00f77793          	andi	a5,a4,15
80003ba0:	0a079063          	bnez	a5,80003c40 <memset+0xb0>
80003ba4:	08059263          	bnez	a1,80003c28 <memset+0x98>
80003ba8:	ff067693          	andi	a3,a2,-16
80003bac:	00f67613          	andi	a2,a2,15
80003bb0:	00e686b3          	add	a3,a3,a4
80003bb4:	00b72023          	sw	a1,0(a4)
80003bb8:	00b72223          	sw	a1,4(a4)
80003bbc:	00b72423          	sw	a1,8(a4)
80003bc0:	00b72623          	sw	a1,12(a4)
80003bc4:	01070713          	addi	a4,a4,16
80003bc8:	fed766e3          	bltu	a4,a3,80003bb4 <memset+0x24>
80003bcc:	00061463          	bnez	a2,80003bd4 <memset+0x44>
80003bd0:	00008067          	ret
80003bd4:	40c306b3          	sub	a3,t1,a2
80003bd8:	00269693          	slli	a3,a3,0x2
80003bdc:	00000297          	auipc	t0,0x0
80003be0:	005686b3          	add	a3,a3,t0
80003be4:	00c68067          	jr	12(a3)
80003be8:	00b70723          	sb	a1,14(a4)
80003bec:	00b706a3          	sb	a1,13(a4)
80003bf0:	00b70623          	sb	a1,12(a4)
80003bf4:	00b705a3          	sb	a1,11(a4)
80003bf8:	00b70523          	sb	a1,10(a4)
80003bfc:	00b704a3          	sb	a1,9(a4)
80003c00:	00b70423          	sb	a1,8(a4)
80003c04:	00b703a3          	sb	a1,7(a4)
80003c08:	00b70323          	sb	a1,6(a4)
80003c0c:	00b702a3          	sb	a1,5(a4)
80003c10:	00b70223          	sb	a1,4(a4)
80003c14:	00b701a3          	sb	a1,3(a4)
80003c18:	00b70123          	sb	a1,2(a4)
80003c1c:	00b700a3          	sb	a1,1(a4)
80003c20:	00b70023          	sb	a1,0(a4)
80003c24:	00008067          	ret
80003c28:	0ff5f593          	zext.b	a1,a1
80003c2c:	00859693          	slli	a3,a1,0x8
80003c30:	00d5e5b3          	or	a1,a1,a3
80003c34:	01059693          	slli	a3,a1,0x10
80003c38:	00d5e5b3          	or	a1,a1,a3
80003c3c:	f6dff06f          	j	80003ba8 <memset+0x18>
80003c40:	00279693          	slli	a3,a5,0x2
80003c44:	00000297          	auipc	t0,0x0
80003c48:	005686b3          	add	a3,a3,t0
80003c4c:	00008293          	mv	t0,ra
80003c50:	fa0680e7          	jalr	-96(a3)
80003c54:	00028093          	mv	ra,t0
80003c58:	ff078793          	addi	a5,a5,-16
80003c5c:	40f70733          	sub	a4,a4,a5
80003c60:	00f60633          	add	a2,a2,a5
80003c64:	f6c378e3          	bgeu	t1,a2,80003bd4 <memset+0x44>
80003c68:	f3dff06f          	j	80003ba4 <memset+0x14>

80003c6c <memcpy>:
memcpy():
80003c6c:	00a5c7b3          	xor	a5,a1,a0
80003c70:	0037f793          	andi	a5,a5,3
80003c74:	00c508b3          	add	a7,a0,a2
80003c78:	06079663          	bnez	a5,80003ce4 <memcpy+0x78>
80003c7c:	00300793          	li	a5,3
80003c80:	06c7f263          	bgeu	a5,a2,80003ce4 <memcpy+0x78>
80003c84:	00357793          	andi	a5,a0,3
80003c88:	00050713          	mv	a4,a0
80003c8c:	0c079a63          	bnez	a5,80003d60 <memcpy+0xf4>
80003c90:	ffc8f613          	andi	a2,a7,-4
80003c94:	40e606b3          	sub	a3,a2,a4
80003c98:	02000793          	li	a5,32
80003c9c:	06d7c463          	blt	a5,a3,80003d04 <memcpy+0x98>
80003ca0:	00058693          	mv	a3,a1
80003ca4:	00070793          	mv	a5,a4
80003ca8:	02c77a63          	bgeu	a4,a2,80003cdc <memcpy+0x70>
80003cac:	0006a803          	lw	a6,0(a3)
80003cb0:	00478793          	addi	a5,a5,4
80003cb4:	00468693          	addi	a3,a3,4
80003cb8:	ff07ae23          	sw	a6,-4(a5)
80003cbc:	fec7e8e3          	bltu	a5,a2,80003cac <memcpy+0x40>
80003cc0:	fff60613          	addi	a2,a2,-1
80003cc4:	40e60633          	sub	a2,a2,a4
80003cc8:	ffc67613          	andi	a2,a2,-4
80003ccc:	00458593          	addi	a1,a1,4
80003cd0:	00470713          	addi	a4,a4,4
80003cd4:	00c585b3          	add	a1,a1,a2
80003cd8:	00c70733          	add	a4,a4,a2
80003cdc:	01176863          	bltu	a4,a7,80003cec <memcpy+0x80>
80003ce0:	00008067          	ret
80003ce4:	00050713          	mv	a4,a0
80003ce8:	ff157ce3          	bgeu	a0,a7,80003ce0 <memcpy+0x74>
80003cec:	0005c783          	lbu	a5,0(a1)
80003cf0:	00170713          	addi	a4,a4,1
80003cf4:	00158593          	addi	a1,a1,1
80003cf8:	fef70fa3          	sb	a5,-1(a4)
80003cfc:	fee898e3          	bne	a7,a4,80003cec <memcpy+0x80>
80003d00:	00008067          	ret
80003d04:	0205a683          	lw	a3,32(a1)
80003d08:	0005a383          	lw	t2,0(a1)
80003d0c:	0045a283          	lw	t0,4(a1)
80003d10:	0085af83          	lw	t6,8(a1)
80003d14:	00c5af03          	lw	t5,12(a1)
80003d18:	0105ae83          	lw	t4,16(a1)
80003d1c:	0145ae03          	lw	t3,20(a1)
80003d20:	0185a303          	lw	t1,24(a1)
80003d24:	01c5a803          	lw	a6,28(a1)
80003d28:	02470713          	addi	a4,a4,36
80003d2c:	fed72e23          	sw	a3,-4(a4)
80003d30:	fc772e23          	sw	t2,-36(a4)
80003d34:	40e606b3          	sub	a3,a2,a4
80003d38:	fe572023          	sw	t0,-32(a4)
80003d3c:	fff72223          	sw	t6,-28(a4)
80003d40:	ffe72423          	sw	t5,-24(a4)
80003d44:	ffd72623          	sw	t4,-20(a4)
80003d48:	ffc72823          	sw	t3,-16(a4)
80003d4c:	fe672a23          	sw	t1,-12(a4)
80003d50:	ff072c23          	sw	a6,-8(a4)
80003d54:	02458593          	addi	a1,a1,36
80003d58:	fad7c6e3          	blt	a5,a3,80003d04 <memcpy+0x98>
80003d5c:	f45ff06f          	j	80003ca0 <memcpy+0x34>
80003d60:	0005c683          	lbu	a3,0(a1)
80003d64:	00170713          	addi	a4,a4,1
80003d68:	00377793          	andi	a5,a4,3
80003d6c:	fed70fa3          	sb	a3,-1(a4)
80003d70:	00158593          	addi	a1,a1,1
80003d74:	f0078ee3          	beqz	a5,80003c90 <memcpy+0x24>
80003d78:	0005c683          	lbu	a3,0(a1)
80003d7c:	00170713          	addi	a4,a4,1
80003d80:	00377793          	andi	a5,a4,3
80003d84:	fed70fa3          	sb	a3,-1(a4)
80003d88:	00158593          	addi	a1,a1,1
80003d8c:	fc079ae3          	bnez	a5,80003d60 <memcpy+0xf4>
80003d90:	f01ff06f          	j	80003c90 <memcpy+0x24>

80003d94 <strlen>:
strlen():
80003d94:	00357793          	andi	a5,a0,3
80003d98:	00050713          	mv	a4,a0
80003d9c:	04079c63          	bnez	a5,80003df4 <strlen+0x60>
80003da0:	7f7f86b7          	lui	a3,0x7f7f8
80003da4:	f7f68693          	addi	a3,a3,-129 # 7f7f7f7f <boot_loader-0x808081>
80003da8:	fff00593          	li	a1,-1
80003dac:	00072603          	lw	a2,0(a4)
80003db0:	00470713          	addi	a4,a4,4
80003db4:	00d677b3          	and	a5,a2,a3
80003db8:	00d787b3          	add	a5,a5,a3
80003dbc:	00c7e7b3          	or	a5,a5,a2
80003dc0:	00d7e7b3          	or	a5,a5,a3
80003dc4:	feb784e3          	beq	a5,a1,80003dac <strlen+0x18>
80003dc8:	ffc74683          	lbu	a3,-4(a4)
80003dcc:	40a707b3          	sub	a5,a4,a0
80003dd0:	04068463          	beqz	a3,80003e18 <strlen+0x84>
80003dd4:	ffd74683          	lbu	a3,-3(a4)
80003dd8:	02068c63          	beqz	a3,80003e10 <strlen+0x7c>
80003ddc:	ffe74503          	lbu	a0,-2(a4)
80003de0:	00a03533          	snez	a0,a0
80003de4:	00f50533          	add	a0,a0,a5
80003de8:	ffe50513          	addi	a0,a0,-2
80003dec:	00008067          	ret
80003df0:	fa0688e3          	beqz	a3,80003da0 <strlen+0xc>
80003df4:	00074783          	lbu	a5,0(a4)
80003df8:	00170713          	addi	a4,a4,1
80003dfc:	00377693          	andi	a3,a4,3
80003e00:	fe0798e3          	bnez	a5,80003df0 <strlen+0x5c>
80003e04:	40a70733          	sub	a4,a4,a0
80003e08:	fff70513          	addi	a0,a4,-1
80003e0c:	00008067          	ret
80003e10:	ffd78513          	addi	a0,a5,-3
80003e14:	00008067          	ret
80003e18:	ffc78513          	addi	a0,a5,-4
80003e1c:	00008067          	ret

80003e20 <strcpy>:
strcpy():
80003e20:	00b567b3          	or	a5,a0,a1
80003e24:	0037f793          	andi	a5,a5,3
80003e28:	08079063          	bnez	a5,80003ea8 <strcpy+0x88>
80003e2c:	0005a703          	lw	a4,0(a1)
80003e30:	7f7f86b7          	lui	a3,0x7f7f8
80003e34:	f7f68693          	addi	a3,a3,-129 # 7f7f7f7f <boot_loader-0x808081>
80003e38:	00d77833          	and	a6,a4,a3
80003e3c:	00d80833          	add	a6,a6,a3
80003e40:	00e86833          	or	a6,a6,a4
80003e44:	00d86833          	or	a6,a6,a3
80003e48:	fff00793          	li	a5,-1
80003e4c:	00050613          	mv	a2,a0
80003e50:	02f81463          	bne	a6,a5,80003e78 <strcpy+0x58>
80003e54:	00458593          	addi	a1,a1,4
80003e58:	00e62023          	sw	a4,0(a2)
80003e5c:	0005a703          	lw	a4,0(a1)
80003e60:	00460613          	addi	a2,a2,4
80003e64:	00d777b3          	and	a5,a4,a3
80003e68:	00d787b3          	add	a5,a5,a3
80003e6c:	00e7e7b3          	or	a5,a5,a4
80003e70:	00d7e7b3          	or	a5,a5,a3
80003e74:	ff0780e3          	beq	a5,a6,80003e54 <strcpy+0x34>
80003e78:	0005c783          	lbu	a5,0(a1)
80003e7c:	0015c703          	lbu	a4,1(a1)
80003e80:	0025c683          	lbu	a3,2(a1)
80003e84:	00f60023          	sb	a5,0(a2)
80003e88:	00078a63          	beqz	a5,80003e9c <strcpy+0x7c>
80003e8c:	00e600a3          	sb	a4,1(a2)
80003e90:	00070663          	beqz	a4,80003e9c <strcpy+0x7c>
80003e94:	00d60123          	sb	a3,2(a2)
80003e98:	00069463          	bnez	a3,80003ea0 <strcpy+0x80>
80003e9c:	00008067          	ret
80003ea0:	000601a3          	sb	zero,3(a2)
80003ea4:	00008067          	ret
80003ea8:	00050793          	mv	a5,a0
80003eac:	0005c703          	lbu	a4,0(a1)
80003eb0:	00178793          	addi	a5,a5,1
80003eb4:	00158593          	addi	a1,a1,1
80003eb8:	fee78fa3          	sb	a4,-1(a5)
80003ebc:	fe0718e3          	bnez	a4,80003eac <strcpy+0x8c>
80003ec0:	00008067          	ret

80003ec4 <__divsi3>:
__divsi3():
80003ec4:	06054063          	bltz	a0,80003f24 <__umodsi3+0x10>
80003ec8:	0605c663          	bltz	a1,80003f34 <__umodsi3+0x20>

80003ecc <__hidden___udivsi3>:
80003ecc:	00058613          	mv	a2,a1
80003ed0:	00050593          	mv	a1,a0
80003ed4:	fff00513          	li	a0,-1
80003ed8:	02060c63          	beqz	a2,80003f10 <__hidden___udivsi3+0x44>
80003edc:	00100693          	li	a3,1
80003ee0:	00b67a63          	bgeu	a2,a1,80003ef4 <__hidden___udivsi3+0x28>
80003ee4:	00c05863          	blez	a2,80003ef4 <__hidden___udivsi3+0x28>
80003ee8:	00161613          	slli	a2,a2,0x1
80003eec:	00169693          	slli	a3,a3,0x1
80003ef0:	feb66ae3          	bltu	a2,a1,80003ee4 <__hidden___udivsi3+0x18>
80003ef4:	00000513          	li	a0,0
80003ef8:	00c5e663          	bltu	a1,a2,80003f04 <__hidden___udivsi3+0x38>
80003efc:	40c585b3          	sub	a1,a1,a2
80003f00:	00d56533          	or	a0,a0,a3
80003f04:	0016d693          	srli	a3,a3,0x1
80003f08:	00165613          	srli	a2,a2,0x1
80003f0c:	fe0696e3          	bnez	a3,80003ef8 <__hidden___udivsi3+0x2c>
80003f10:	00008067          	ret

80003f14 <__umodsi3>:
80003f14:	00008293          	mv	t0,ra
80003f18:	fb5ff0ef          	jal	80003ecc <__hidden___udivsi3>
80003f1c:	00058513          	mv	a0,a1
80003f20:	00028067          	jr	t0 # 80003c44 <memset+0xb4>
80003f24:	40a00533          	neg	a0,a0
80003f28:	00b04863          	bgtz	a1,80003f38 <__umodsi3+0x24>
80003f2c:	40b005b3          	neg	a1,a1
80003f30:	f9dff06f          	j	80003ecc <__hidden___udivsi3>
80003f34:	40b005b3          	neg	a1,a1
80003f38:	00008293          	mv	t0,ra
80003f3c:	f91ff0ef          	jal	80003ecc <__hidden___udivsi3>
80003f40:	40a00533          	neg	a0,a0
80003f44:	00028067          	jr	t0

80003f48 <__modsi3>:
__modsi3():
80003f48:	00008293          	mv	t0,ra
80003f4c:	0005ca63          	bltz	a1,80003f60 <__modsi3+0x18>
80003f50:	00054c63          	bltz	a0,80003f68 <__modsi3+0x20>
80003f54:	f79ff0ef          	jal	80003ecc <__hidden___udivsi3>
80003f58:	00058513          	mv	a0,a1
80003f5c:	00028067          	jr	t0
80003f60:	40b005b3          	neg	a1,a1
80003f64:	fe0558e3          	bgez	a0,80003f54 <__modsi3+0xc>
80003f68:	40a00533          	neg	a0,a0
80003f6c:	f61ff0ef          	jal	80003ecc <__hidden___udivsi3>
80003f70:	40b00533          	neg	a0,a1
80003f74:	00028067          	jr	t0
